Draw Date,Winning Numbers,Powerball Ball
12/31/2022,18 37 44 50 64,11
12/31/2016,1 3 28 57 67,9
12/31/2014,17 27 37 40 53,35
12/31/2011,5 23 25 28 40,34
12/31/2008,7 8 11 17 53,36
12/31/2005,4 30 37 43 46,42
12/31/2003,5 7 18 28 35,1
12/31/1997,4 5 6 14 27,6
12/31/1994,20 28 29 43 44,34
12/30/2024,9 19 33 38 39,1
12/30/2023,10 11 26 27 34,7
12/30/2020,3 43 45 61 65,14
12/30/2017,28 36 41 51 58,24
12/30/2015,12 36 38 54 61,22
12/30/2009,5 14 38 39 52,6
12/30/2006,9 23 28 31 36,26
12/30/2000,23 26 29 38 46,35
12/30/1998,10 20 34 38 46,3
12/30/1995,2 4 7 13 26,33
12/30/1992,1 11 18 30 41,12
12/29/2021,2 6 9 33 39,11
12/29/2018,12 42 51 53 62,25
12/29/2012,36 46 50 52 55,14
12/29/2010,3 16 18 20 37,30
12/29/2007,8 12 17 35 49,18
12/29/2004,24 29 33 38 44,7
12/29/2001,10 15 27 43 45,31
12/29/1999,3 11 14 16 43,10
12/29/1993,6 7 12 30 43,28
12/28/2019,20 23 39 59 60,18
12/28/2016,16 23 30 44 58,4
12/28/2013,8 35 44 51 56,18
12/28/2011,16 21 27 41 45,14
12/28/2005,12 15 30 46 54,1
12/28/2002,2 15 38 43 50,29
12/28/1996,3 11 21 22 31,13
12/28/1994,17 27 40 43 44,24
12/27/2017,3 9 16 56 60,3
12/27/2014,7 10 11 14 36,15
12/27/2008,12 15 26 31 43,10
12/27/2006,14 16 27 29 41,29
12/27/2003,16 17 32 34 43,31
12/27/2000,15 22 24 32 39,18
12/27/1997,9 14 15 36 48,17
12/27/1995,8 17 24 27 44,23
12/26/2020,10 24 27 35 53,18
12/26/2018,5 25 38 52 67,24
12/26/2015,27 40 44 59 65,20
12/26/2012,11 13 23 43 54,4
12/26/2009,32 36 37 41 53,30
12/26/2007,8 32 41 54 55,20
12/26/2001,8 19 23 39 41,21
12/26/1998,7 17 27 29 41,33
12/26/1992,6 12 17 18 42,17
12/25/2019,2 4 16 30 46,20
12/25/2013,23 28 38 39 56,32
12/25/2010,1 17 38 50 52,24
12/25/2004,29 32 39 45 53,16
12/25/2002,5 14 16 29 53,7
12/25/1999,6 19 29 39 44,28
12/25/1996,13 14 17 25 26,29
12/25/1993,6 8 20 26 36,29
12/24/2016,28 38 42 51 52,21
12/24/2014,11 12 46 47 50,22
12/24/2011,14 16 30 51 52,19
12/24/2008,2 17 22 32 41,8
12/24/2005,4 10 33 34 50,14
12/24/2003,1 6 31 34 44,25
12/24/1997,3 16 28 34 35,14
12/24/1994,11 20 22 31 34,31
12/23/2020,6 13 38 39 53,6
12/23/2017,1 3 13 15 44,25
12/23/2015,16 38 55 63 67,25
12/23/2009,8 32 49 51 52,23
12/23/2006,8 27 43 52 53,5
12/23/2000,6 11 15 22 27,27
12/23/1998,29 31 39 45 46,33
12/23/1995,3 7 10 42 43,38
12/23/1992,7 12 21 25 31,11
12/22/2018,21 28 30 40 59,26
12/22/2012,1 18 35 39 44,11
12/22/2010,11 33 44 46 47,12
12/22/2007,5 10 11 34 38,21
12/22/2004,2 7 11 24 31,18
12/22/2001,14 24 27 33 34,6
12/22/1999,11 13 23 42 43,18
12/22/1993,1 3 13 15 29,12
12/21/2019,19 31 35 50 67,14
12/21/2016,25 33 40 54 68,3
12/21/2013,25 36 40 45 51,8
12/21/2011,10 13 15 31 54,18
12/21/2005,9 12 16 23 43,37
12/21/2002,5 22 34 39 52,30
12/21/1996,13 16 20 42 44,45
12/21/1994,1 8 22 24 34,1
12/20/2017,1 20 61 64 69,20
12/20/2014,14 15 19 31 56,5
12/20/2008,3 14 19 32 54,24
12/20/2006,1 6 14 26 34,34
12/20/2003,12 20 24 25 48,37
12/20/2000,4 7 31 34 41,28
12/20/1997,10 11 12 17 23,7
12/20/1995,10 17 20 39 42,33
12/19/2020,27 32 34 43 52,13
12/19/2018,15 29 31 37 43,16
12/19/2015,28 30 41 59 68,10
12/19/2012,5 8 20 23 30,3
12/19/2009,17 24 39 41 47,21
12/19/2007,15 18 22 23 42,37
12/19/2001,20 26 35 36 43,23
12/19/1998,3 5 15 17 45,6
12/19/1992,11 16 32 37 39,27
12/18/2019,14 18 26 39 68,9
12/18/2013,7 24 37 39 40,1
12/18/2010,4 11 19 33 43,14
12/18/2004,1 25 29 30 45,12
12/18/2002,2 14 33 50 52,22
12/18/1999,2 3 15 25 43,25
12/18/1996,3 21 28 36 45,1
12/18/1993,3 4 8 9 44,36
12/17/2016,1 8 16 40 48,10
12/17/2014,22 31 38 47 48,15
12/17/2011,13 28 49 51 59,33
12/17/2008,7 11 18 24 30,26
12/17/2005,24 36 44 46 53,18
12/17/2003,15 18 19 21 43,7
12/17/1997,3 5 13 18 45,20
12/17/1994,17 19 25 29 41,5
12/16/2020,4 23 37 61 67,7
12/16/2017,9 35 37 50 63,11
12/16/2015,9 10 32 42 55,6
12/16/2009,13 23 25 35 43,15
12/16/2006,5 17 28 36 51,5
12/16/2000,2 26 33 34 39,23
12/16/1998,3 8 19 27 32,38
12/16/1995,4 14 18 19 26,30
12/16/1992,4 7 11 25 40,24
12/15/2018,8 38 43 52 55,17
12/15/2012,15 23 40 44 55,14
12/15/2010,10 11 18 32 45,18
12/15/2007,22 37 47 48 50,17
12/15/2004,1 6 11 38 53,11
12/15/2001,8 11 13 22 37,17
12/15/1999,19 32 33 35 47,26
12/15/1993,9 26 39 43 45,40
12/14/2019,3 6 12 32 64,19
12/14/2016,18 26 37 39 66,15
12/14/2013,14 25 32 33 41,34
12/14/2011,2 24 46 52 56,19
12/14/2005,8 15 16 45 51,11
12/14/2002,8 17 24 42 44,37
12/14/1996,10 19 22 38 44,30
12/14/1994,5 18 22 35 39,1
12/13/2017,2 24 28 51 58,7
12/13/2014,5 13 28 43 55,33
12/13/2008,14 26 28 31 40,13
12/13/2006,19 32 33 42 54,15
12/13/2003,17 19 25 26 44,19
12/13/2000,6 10 19 38 43,41
12/13/1997,5 35 41 44 46,27
12/13/1995,6 17 25 36 42,16
12/12/2020,17 54 56 63 69,20
12/12/2018,4 9 21 29 64,26
12/12/2015,2 14 19 30 62,22
12/12/2012,8 10 25 36 44,28
12/12/2009,12 13 14 35 41,29
12/12/2007,7 14 33 40 55,15
12/12/2001,4 20 35 43 47,27
12/12/1998,12 16 26 29 40,32
12/12/1992,9 28 40 42 44,12
12/11/2019,24 29 42 44 63,10
12/11/2013,1 10 13 18 19,27
12/11/2010,1 8 10 19 20,23
12/11/2004,6 7 16 41 53,23
12/11/2002,6 12 14 22 33,21
12/11/1999,6 10 31 47 48,29
12/11/1996,4 8 15 22 36,43
12/11/1993,15 27 37 39 42,26
12/10/2016,12 21 32 44 66,15
12/10/2014,34 44 48 54 55,10
12/10/2011,4 19 33 41 59,9
12/10/2008,6 15 24 37 41,37
12/10/2005,3 21 34 42 45,39
12/10/2003,4 17 26 37 40,15
12/10/1997,4 18 21 28 41,3
12/10/1994,3 14 22 30 38,40
12/09/2020,11 14 31 47 48,4
12/09/2017,25 36 37 55 60,6
12/09/2015,7 10 16 46 56,1
12/09/2009,1 5 12 13 58,21
12/09/2006,19 22 30 34 52,40
12/09/2000,8 10 14 41 42,20
12/09/1998,12 33 40 43 48,16
12/09/1995,7 15 20 35 40,13
12/09/1992,6 17 22 27 34,22
12/08/2018,14 32 34 46 61,10
12/08/2012,7 23 26 40 53,21
12/08/2010,8 11 25 41 58,16
12/08/2007,4 8 25 29 31,41
12/08/2004,13 17 35 45 50,2
12/08/2001,17 26 31 35 48,35
12/08/1999,13 34 40 44 47,24
12/08/1993,18 26 32 34 43,10
12/07/2019,18 42 53 62 66,25
12/07/2016,41 48 49 53 64,20
12/07/2013,13 20 32 45 48,17
12/07/2011,3 14 20 39 40,37
12/07/2005,19 30 41 45 54,14
12/07/2002,3 17 27 32 48,1
12/07/1996,6 20 24 31 37,34
12/07/1994,14 17 18 25 35,37
12/06/2017,19 20 50 55 62,9
12/06/2014,12 15 22 43 49,14
12/06/2008,9 35 39 43 53,10
12/06/2006,7 34 35 36 38,14
12/06/2003,21 24 37 41 45,39
12/06/2000,7 15 20 23 45,17
12/06/1997,8 15 26 28 43,36
12/06/1995,1 2 3 26 27,19
12/05/2020,3 4 6 48 53,10
12/05/2018,9 11 36 37 38,11
12/05/2015,13 27 33 47 68,13
12/05/2012,13 17 19 27 38,12
12/05/2009,27 39 41 44 58,17
12/05/2007,1 8 15 21 55,41
12/05/2001,8 9 13 14 21,37
12/05/1998,9 19 20 27 31,39
12/05/1992,9 17 19 40 41,31
12/04/2019,8 27 44 51 61,14
12/04/2013,6 9 11 31 44,25
12/04/2010,13 24 27 31 42,22
12/04/2004,6 9 16 22 30,4
12/04/2002,13 20 21 35 40,35
12/04/1999,5 22 25 36 38,37
12/04/1996,1 10 17 20 42,29
12/04/1993,5 15 16 39 45,25
12/03/2016,8 10 26 27 33,22
12/03/2014,25 30 32 46 54,26
12/03/2011,5 18 33 43 45,8
12/03/2008,16 17 21 25 55,3
12/03/2005,2 15 26 37 42,36
12/03/2003,1 10 35 37 43,30
12/03/1997,9 14 18 42 47,32
12/03/1994,7 8 29 39 41,44
12/02/2020,28 31 40 41 46,4
12/02/2017,28 30 32 36 58,6
12/02/2015,14 18 19 32 64,9
12/02/2009,14 34 37 46 55,37
12/02/2006,17 34 42 45 50,11
12/02/2000,11 14 22 38 41,39
12/02/1998,4 22 29 36 45,30
12/02/1995,8 15 30 31 41,42
12/02/1992,1 4 26 35 42,28
12/01/2018,10 11 47 55 58,26
12/01/2012,3 10 19 36 46,3
12/01/2010,5 10 11 12 20,2
12/01/2007,7 32 39 41 55,13
12/01/2004,3 28 36 38 44,1
12/01/2001,6 38 41 46 48,37
12/01/1999,3 14 20 32 47,2
12/01/1993,2 4 18 31 39,43
11/30/2019,15 35 42 63 68,18
11/30/2016,3 14 18 25 45,7
11/30/2013,5 26 44 45 57,29
11/30/2011,2 6 34 35 47,22
11/30/2005,19 23 27 42 52,1
11/30/2002,1 4 19 21 29,8
11/30/1996,13 28 30 38 41,22
11/30/1994,5 13 24 29 31,40
11/29/2017,24 26 28 59 63,16
11/29/2014,13 24 30 42 48,27
11/29/2008,5 33 36 39 55,21
11/29/2006,2 8 9 12 19,25
11/29/2003,14 36 39 43 51,15
11/29/2000,1 4 20 27 29,17
11/29/1997,2 11 13 27 31,23
11/29/1995,6 10 11 25 37,45
11/28/2020,8 12 18 44 51,18
11/28/2018,4 19 59 68 69,21
11/28/2015,2 6 47 66 67,2
11/28/2012,5 16 22 23 29,6
11/28/2009,26 27 28 46 50,21
11/28/2007,8 23 32 37 39,38
11/28/2001,5 15 18 24 48,16
11/28/1998,2 4 6 11 43,9
11/28/1992,11 15 35 39 40,23
11/27/2019,15 26 37 53 55,21
11/27/2013,18 25 50 55 57,17
11/27/2010,10 30 37 47 54,39
11/27/2004,16 28 35 36 47,31
11/27/2002,1 20 25 40 53,19
11/27/1999,3 16 24 28 38,28
11/27/1996,1 31 37 38 39,3
11/27/1993,13 24 27 32 43,43
11/26/2016,17 19 21 37 44,16
11/26/2014,16 17 22 46 54,35
11/26/2011,20 37 39 45 55,28
11/26/2008,11 26 31 34 52,14
11/26/2005,28 34 37 45 53,32
11/26/2003,1 3 16 37 41,19
11/26/1997,15 23 34 40 46,35
11/26/1994,7 9 16 42 45,31
11/25/2020,2 57 58 60 65,26
11/25/2017,8 13 27 53 54,4
11/25/2015,16 29 53 58 69,21
11/25/2009,4 13 18 49 59,5
11/25/2006,5 18 28 49 55,38
11/25/2000,2 37 38 39 42,22
11/25/1998,6 10 13 33 48,9
11/25/1995,21 32 33 34 41,34
11/25/1992,10 12 14 20 26,35
11/24/2018,11 33 51 56 58,18
11/24/2012,22 32 37 44 50,34
11/24/2010,8 20 21 32 37,4
11/24/2007,1 7 13 23 35,19
11/24/2004,3 19 47 49 53,4
11/24/2001,10 12 27 37 42,30
11/24/1999,2 4 15 37 43,40
11/24/1993,2 4 25 26 27,38
11/23/2019,28 35 38 61 66,23
11/23/2016,7 32 41 47 61,3
11/23/2013,5 12 43 52 55,10
11/23/2011,4 30 35 57 59,25
11/23/2005,9 12 24 25 27,33
11/23/2002,15 16 19 21 49,5
11/23/1996,6 8 17 25 41,44
11/23/1994,3 16 30 34 41,41
11/22/2017,35 37 46 51 61,13
11/22/2014,23 49 53 54 57,35
11/22/2008,17 19 26 32 45,14
11/22/2006,22 32 36 49 55,8
11/22/2003,9 12 17 29 45,4
11/22/2000,5 18 40 44 47,34
11/22/1997,3 7 14 22 31,2
11/22/1995,6 10 24 31 43,17
11/21/2020,51 54 57 60 69,11
11/21/2018,7 14 23 38 55,18
11/21/2015,37 47 50 52 57,21
11/21/2012,8 18 24 30 39,26
11/21/2009,7 26 36 49 58,4
11/21/2007,3 11 13 20 40,20
11/21/2001,27 28 31 38 41,13
11/21/1998,1 14 15 21 35,10
11/21/1992,2 28 36 44 45,17
11/20/2019,7 15 39 40 57,12
11/20/2013,4 18 23 32 45,7
11/20/2010,10 12 38 53 57,1
11/20/2004,4 29 45 48 50,1
11/20/2002,14 21 22 29 44,3
11/20/1999,5 6 18 42 44,3
11/20/1996,11 12 15 18 35,19
11/20/1993,6 13 21 38 39,40
11/19/2016,16 24 28 43 61,21
11/19/2014,6 36 38 48 51,17
11/19/2011,9 16 17 28 30,11
11/19/2008,8 13 38 39 45,31
11/19/2005,8 15 20 41 54,22
11/19/2003,16 26 36 42 47,33
11/19/1997,3 10 19 21 48,22
11/19/1994,6 10 13 26 39,43
11/18/2020,4 5 17 43 52,5
11/18/2017,17 28 31 32 39,26
11/18/2015,17 40 41 46 69,6
11/18/2009,32 42 50 58 59,31
11/18/2006,1 8 19 36 42,20
11/18/2000,3 27 31 32 41,33
11/18/1998,21 25 33 39 46,18
11/18/1995,2 9 20 24 45,5
11/18/1992,15 27 31 35 45,7
11/17/2018,6 8 20 52 68,5
11/17/2012,3 15 27 58 59,20
11/17/2010,14 16 53 54 59,5
11/17/2007,17 27 49 52 53,23
11/17/2004,15 25 31 36 46,37
11/17/2001,1 7 10 27 35,34
11/17/1999,11 20 27 43 48,12
11/17/1993,4 13 24 32 41,37
11/16/2019,14 22 26 55 63,26
11/16/2016,28 41 61 63 65,7
11/16/2013,10 29 37 44 59,10
11/16/2011,13 22 25 39 51,28
11/16/2005,5 18 20 21 44,27
11/16/2002,32 33 35 40 51,1
11/16/1996,11 27 35 39 43,21
11/16/1994,12 22 23 31 40,24
11/15/2017,23 32 44 48 50,25
11/15/2014,13 16 33 35 51,28
11/15/2008,3 7 8 12 44,37
11/15/2006,11 28 30 34 43,29
11/15/2003,8 20 22 32 52,39
11/15/2000,12 26 32 41 46,18
11/15/1997,7 21 26 32 45,8
11/15/1995,12 21 24 32 41,5
11/14/2020,7 15 18 32 45,20
11/14/2018,7 42 49 62 69,23
11/14/2015,14 22 37 45 66,5
11/14/2012,8 10 30 44 58,13
11/14/2009,19 30 32 48 57,14
11/14/2007,16 18 20 30 48,6
11/14/2001,4 17 28 30 40,3
11/14/1998,3 10 16 35 41,38
11/14/1992,16 21 24 36 43,19
11/13/2019,23 26 27 28 66,11
11/13/2013,5 31 50 55 56,9
11/13/2010,17 30 48 51 54,29
11/13/2004,5 6 26 33 34,13
11/13/2002,18 23 31 38 50,20
11/13/1999,13 16 26 32 34,24
11/13/1996,17 19 25 27 30,1
11/13/1993,13 15 18 22 23,35
11/12/2016,8 17 20 27 52,24
11/12/2014,37 39 51 52 55,11
11/12/2011,4 35 36 51 56,8
11/12/2008,1 18 25 29 45,2
11/12/2005,17 37 41 48 55,39
11/12/2003,7 11 19 20 22,1
11/12/1997,13 14 16 29 41,1
11/12/1994,7 15 26 33 39,44
11/11/2020,13 15 17 45 63,13
11/11/2017,4 6 16 30 56,18
11/11/2015,4 26 32 55 64,18
11/11/2009,8 12 14 22 29,22
11/11/2006,35 38 40 49 55,41
11/11/2000,4 12 21 38 46,37
11/11/1998,10 14 25 36 48,2
11/11/1995,6 10 28 37 40,14
11/11/1992,4 31 34 38 44,39
11/10/2018,5 29 34 53 57,24
11/10/2012,32 42 50 54 55,32
11/10/2010,5 8 11 40 44,10
11/10/2007,6 22 24 26 30,12
11/10/2004,14 21 29 43 45,26
11/10/2001,7 13 16 33 38,13
11/10/1999,13 19 31 40 43,36
11/10/1993,23 25 28 31 36,39
11/09/2019,14 17 35 38 60,25
11/09/2016,1 25 28 31 54,2
11/09/2013,3 9 37 49 56,32
11/09/2011,5 35 57 58 59,12
11/09/2005,5 13 14 31 49,30
11/09/2002,30 36 38 40 53,8
11/09/1996,1 3 5 6 35,38
11/09/1994,10 24 31 33 44,12
11/08/2017,12 14 20 21 34,22
11/08/2014,9 19 33 38 54,15
11/08/2008,2 4 21 36 40,41
11/08/2006,8 11 12 26 53,4
11/08/2003,5 8 24 38 52,22
11/08/2000,13 17 37 45 49,4
11/08/1997,7 17 21 40 49,37
11/08/1995,3 9 14 18 28,15
11/07/2020,14 16 37 48 58,18
11/07/2018,26 28 34 42 50,25
11/07/2015,7 16 25 50 53,15
11/07/2012,32 34 45 52 58,20
11/07/2009,7 32 37 46 50,26
11/07/2007,22 29 35 46 52,2
11/07/2001,2 4 6 17 25,31
11/07/1998,5 10 13 30 33,28
11/07/1992,2 3 22 39 42,21
11/06/2019,15 28 46 62 64,17
11/06/2013,1 5 10 15 49,22
11/06/2010,7 12 23 34 38,33
11/06/2004,18 22 33 38 40,19
11/06/2002,9 11 12 17 19,23
11/06/1999,5 8 12 25 40,28
11/06/1996,11 18 30 35 42,1
11/06/1993,3 22 26 28 45,26
11/05/2016,21 31 50 51 69,8
11/05/2014,2 11 19 21 42,34
11/05/2011,2 33 39 40 43,26
11/05/2008,4 8 18 33 36,32
11/05/2005,7 25 29 37 50,17
11/05/2003,6 20 27 38 39,31
11/05/1997,2 19 24 28 35,26
11/05/1994,10 32 40 42 45,31
11/04/2020,23 32 33 45 49,14
11/04/2017,12 14 26 48 51,13
11/04/2015,2 12 17 20 65,17
11/04/2009,10 11 14 45 51,17
11/04/2006,12 13 34 39 44,5
11/04/2000,5 9 22 34 42,2
11/04/1998,2 8 17 30 36,22
11/04/1995,3 23 39 41 43,31
11/04/1992,6 8 9 22 30,36
11/03/2018,15 21 24 32 65,11
11/03/2012,4 7 9 30 54,25
11/03/2010,34 38 39 45 50,33
11/03/2007,1 31 38 40 53,42
11/03/2004,11 35 43 45 48,42
11/03/2001,6 14 36 37 49,20
11/03/1999,1 3 7 8 26,7
11/03/1993,1 6 7 9 11,24
11/02/2019,3 23 32 37 58,22
11/02/2016,13 18 37 54 61,5
11/02/2013,13 23 24 27 40,17
11/02/2011,12 14 34 39 46,36
11/02/2005,6 11 14 27 41,38
11/02/2002,8 15 32 34 35,34
11/02/1996,17 32 37 38 44,28
11/02/1994,8 13 16 18 21,22
11/01/2017,3 6 19 26 44,1
11/01/2014,1 3 13 25 38,17
11/01/2008,4 6 26 40 41,15
11/01/2006,7 8 13 46 54,35
11/01/2003,16 19 34 37 47,18
11/01/2000,4 10 14 29 39,10
11/01/1997,22 25 28 33 37,20
11/01/1995,12 19 20 27 42,6
10/31/2020,2 6 40 42 55,24
10/31/2018,7 25 39 40 47,20
10/31/2015,9 20 25 47 68,7
10/31/2012,1 27 31 45 48,5
10/31/2009,2 19 26 41 54,23
10/31/2007,6 16 18 29 37,24
10/31/2001,2 16 18 35 40,41
10/31/1998,17 33 34 37 42,8
10/31/1992,9 15 17 26 43,22
10/30/2019,19 22 52 56 67,21
10/30/2013,2 36 40 49 54,10
10/30/2010,1 7 27 36 49,39
10/30/2004,20 27 30 40 48,11
10/30/2002,9 16 19 23 41,12
10/30/1999,10 26 33 37 41,21
10/30/1996,10 13 19 37 43,45
10/30/1993,1 12 21 22 41,25
10/29/2016,19 20 21 42 48,23
10/29/2014,25 28 48 57 59,16
10/29/2011,11 16 40 51 56,38
10/29/2008,20 30 37 50 52,33
10/29/2005,14 19 22 41 50,21
10/29/2003,8 19 22 34 53,29
10/29/1997,6 11 13 26 32,37
10/29/1994,5 13 15 27 44,37
10/28/2020,11 28 37 40 53,13
10/28/2017,27 35 38 57 66,10
10/28/2015,4 54 56 62 63,10
10/28/2009,3 11 26 46 51,23
10/28/2006,14 22 30 38 41,12
10/28/2000,6 11 32 37 47,13
10/28/1998,8 9 24 35 44,42
10/28/1995,13 25 28 30 35,3
10/28/1992,1 4 10 18 36,28
10/27/2018,8 12 13 19 27,4
10/27/2012,22 32 34 36 56,33
10/27/2010,20 24 25 53 59,15
10/27/2007,13 25 30 40 43,12
10/27/2004,11 17 40 44 51,21
10/27/2001,1 10 17 28 45,20
10/27/1999,17 20 24 31 39,21
10/27/1993,5 9 13 16 38,26
10/26/2019,3 20 48 54 59,4
10/26/2016,2 3 16 48 56,24
10/26/2013,4 6 34 49 56,29
10/26/2011,1 18 21 39 55,6
10/26/2005,2 10 39 42 43,23
10/26/2002,12 14 27 33 39,41
10/26/1996,4 17 19 25 37,19
10/26/1994,10 15 17 22 32,28
10/25/2017,18 22 29 54 57,8
10/25/2014,6 10 51 54 57,12
10/25/2008,1 3 14 38 48,2
10/25/2006,16 40 42 43 48,1
10/25/2003,6 17 45 47 48,4
10/25/2000,3 5 20 45 46,37
10/25/1997,15 23 24 28 35,30
10/25/1995,1 2 6 31 36,9
10/24/2020,18 20 27 45 65,6
10/24/2018,3 21 45 53 56,22
10/24/2015,20 31 56 60 64,2
10/24/2012,3 18 21 23 50,4
10/24/2009,14 22 38 49 59,16
10/24/2007,10 11 18 49 52,2
10/24/2001,6 15 24 27 42,32
10/24/1998,10 12 17 25 40,20
10/24/1992,3 16 24 31 35,16
10/23/2019,5 12 50 61 69,23
10/23/2013,3 23 31 34 47,13
10/23/2010,2 7 16 20 46,34
10/23/2004,15 24 49 50 52,40
10/23/2002,2 14 18 30 31,36
10/23/1999,12 15 27 32 37,11
10/23/1996,9 24 27 31 34,18
10/23/1993,4 6 21 38 39,13
10/22/2016,1 28 33 55 56,22
10/22/2014,29 30 40 42 50,16
10/22/2011,3 8 23 30 58,13
10/22/2008,10 17 33 51 52,5
10/22/2005,6 7 36 51 53,17
10/22/2003,3 25 27 28 53,35
10/22/1997,5 9 23 40 43,24
10/22/1994,7 13 19 24 29,24
10/21/2020,1 3 13 44 56,26
10/21/2017,14 41 42 45 69,4
10/21/2015,30 32 42 56 57,11
10/21/2009,6 16 34 45 51,4
10/21/2006,9 29 31 45 55,7
10/21/2000,13 19 24 44 45,16
10/21/1998,22 24 27 39 44,25
10/21/1995,4 5 9 23 43,12
10/21/1992,6 23 26 28 29,36
10/20/2018,16 54 57 62 69,23
10/20/2012,4 21 28 31 44,10
10/20/2010,7 17 20 39 59,17
10/20/2007,10 11 37 40 54,10
10/20/2004,1 11 17 41 46,24
10/20/2001,7 16 33 40 47,33
10/20/1999,2 16 19 20 29,13
10/20/1993,10 13 27 34 35,22
10/19/2019,14 27 29 59 65,12
10/19/2016,10 16 38 43 63,23
10/19/2013,9 33 54 56 57,5
10/19/2011,16 26 35 52 58,2
10/19/2005,7 21 43 44 49,29
10/19/2002,4 18 20 25 42,29
10/19/1996,8 20 30 31 42,9
10/19/1994,3 17 19 29 34,8
10/18/2017,30 49 54 66 69,8
10/18/2014,20 26 27 36 54,19
10/18/2008,10 14 32 40 49,15
10/18/2006,2 24 34 41 48,24
10/18/2003,22 25 33 34 35,14
10/18/2000,17 21 28 42 43,25
10/18/1997,11 14 16 19 21,6
10/18/1995,2 17 21 22 29,10
10/17/2020,6 10 31 37 44,23
10/17/2018,3 57 64 68 69,15
10/17/2015,48 49 57 62 69,19
10/17/2012,1 7 10 23 42,35
10/17/2009,5 16 25 30 49,39
10/17/2007,14 15 19 42 46,37
10/17/2001,5 7 29 40 46,5
10/17/1998,28 32 44 47 48,27
10/17/1992,5 13 22 28 29,12
10/16/2019,1 5 25 63 67,3
10/16/2013,3 26 28 34 42,28
10/16/2010,11 12 15 16 28,11
10/16/2004,5 20 22 36 42,11
10/16/2002,8 11 24 31 37,41
10/16/1999,5 12 18 22 40,21
10/16/1996,20 31 33 40 43,10
10/16/1993,2 3 15 27 43,15
10/15/2016,23 49 57 64 67,20
10/15/2014,5 7 19 27 28,20
10/15/2011,5 10 24 38 43,1
10/15/2008,3 13 32 38 48,13
10/15/2005,1 7 8 34 45,15
10/15/2003,6 9 29 39 52,8
10/15/1997,7 9 19 21 34,8
10/15/1994,18 23 24 26 35,44
10/14/2020,21 37 52 53 58,5
10/14/2017,32 37 56 66 69,11
10/14/2015,15 20 29 31 40,1
10/14/2009,5 15 25 30 40,6
10/14/2006,1 15 17 26 40,19
10/14/2000,14 16 18 22 41,37
10/14/1998,14 15 18 26 32,6
10/14/1995,9 12 32 40 44,32
10/14/1992,18 20 23 34 40,2
10/13/2018,11 14 32 43 65,15
10/13/2012,2 5 25 26 49,18
10/13/2010,12 22 32 34 46,2
10/13/2007,21 30 34 36 49,42
10/13/2004,5 14 17 45 46,41
10/13/2001,37 40 41 46 48,20
10/13/1999,15 23 38 43 44,38
10/13/1993,7 18 25 39 44,16
10/12/2019,12 29 34 53 65,23
10/12/2016,16 30 34 37 44,16
10/12/2013,8 10 26 57 58,4
10/12/2011,10 12 23 43 47,18
10/12/2005,4 9 18 51 54,10
10/12/2002,23 26 46 49 52,28
10/12/1996,1 22 25 27 45,42
10/12/1994,4 14 21 30 36,3
10/11/2017,1 3 13 19 69,23
10/11/2014,10 19 37 38 39,28
10/11/2008,3 7 17 39 47,9
10/11/2006,5 10 12 35 38,9
10/11/2003,11 14 21 32 45,21
10/11/2000,26 32 41 44 45,35
10/11/1997,2 20 34 40 42,3
10/11/1995,9 10 17 41 44,19
10/10/2020,5 18 23 40 50,18
10/10/2018,8 23 27 42 60,7
10/10/2015,12 27 29 43 68,1
10/10/2012,18 26 29 35 43,28
10/10/2009,13 32 45 49 50,30
10/10/2007,12 16 31 33 54,5
10/10/2001,1 7 8 16 19,37
10/10/1998,1 8 19 28 45,25
10/10/1992,3 8 23 26 35,34
10/09/2019,5 18 33 43 65,2
10/09/2013,3 9 19 33 38,18
10/09/2010,2 6 32 42 49,35
10/09/2004,1 3 10 47 48,27
10/09/2002,9 10 38 42 43,5
10/09/1999,8 20 27 39 43,1
10/09/1996,2 14 16 21 33,27
10/09/1993,9 10 11 13 23,28
10/08/2016,3 54 61 64 68,9
10/08/2014,5 16 31 46 50,18
10/08/2011,3 27 35 37 45,31
10/08/2008,2 12 17 48 54,2
10/08/2005,26 31 35 46 50,28
10/08/2003,1 6 7 8 25,18
10/08/1997,10 14 22 33 35,11
10/08/1994,12 15 22 32 36,45
10/07/2020,6 24 30 53 56,19
10/07/2017,10 49 61 63 65,7
10/07/2015,18 30 40 48 52,9
10/07/2009,2 20 21 38 50,22
10/07/2006,3 4 8 31 45,12
10/07/2000,4 7 27 34 39,1
10/07/1998,6 8 9 15 26,7
10/07/1995,2 7 15 18 31,39
10/07/1992,9 10 20 31 34,10
10/06/2018,1 22 27 53 67,15
10/06/2012,15 26 34 36 59,35
10/06/2010,14 26 37 41 46,24
10/06/2007,8 30 32 33 51,2
10/06/2004,5 6 19 44 50,28
10/06/2001,1 5 9 21 31,12
10/06/1999,6 7 15 38 42,42
10/06/1993,9 23 34 42 44,15
10/05/2019,6 14 36 51 54,4
10/05/2016,8 18 27 29 60,15
10/05/2013,11 12 17 39 40,5
10/05/2011,7 20 43 46 54,17
10/05/2005,2 15 25 30 45,17
10/05/2002,14 19 22 39 43,12
10/05/1996,2 13 15 33 38,44
10/05/1994,8 14 29 35 39,1
10/04/2017,22 23 62 63 66,24
10/04/2014,13 18 24 25 33,31
10/04/2008,1 4 26 32 39,18
10/04/2006,3 7 27 39 40,8
10/04/2003,8 13 29 44 48,36
10/04/2000,3 16 24 34 48,3
10/04/1997,11 24 25 31 43,28
10/04/1995,13 24 27 35 44,18
10/03/2020,18 31 36 43 47,20
10/03/2018,41 53 59 63 66,3
10/03/2015,6 26 33 44 46,4
10/03/2012,17 23 36 55 59,10
10/03/2009,12 24 48 50 57,22
10/03/2007,2 4 14 15 28,23
10/03/2001,2 20 23 35 49,25
10/03/1998,5 14 22 25 32,4
10/03/1992,18 36 39 40 43,5
10/02/2019,4 8 10 43 53,7
10/02/2013,4 6 25 42 51,17
10/02/2010,12 20 30 36 47,25
10/02/2004,2 13 29 32 35,4
10/02/2002,2 4 5 38 43,34
10/02/1999,12 15 25 35 48,30
10/02/1996,13 14 16 19 37,25
10/02/1993,2 4 21 25 36,34
10/01/2016,2 12 50 61 64,1
10/01/2014,1 4 18 20 45,7
10/01/2011,1 12 23 27 43,31
10/01/2008,8 9 39 43 55,26
10/01/2005,8 18 38 45 54,23
10/01/2003,4 5 19 21 50,41
10/01/1997,18 21 25 36 44,9
10/01/1994,1 5 19 29 37,32
09/30/2020,14 18 36 49 67,18
09/30/2017,8 12 25 41 64,15
09/30/2015,21 39 40 55 59,17
09/30/2009,41 42 52 54 57,30
09/30/2006,6 15 30 32 39,5
09/30/2000,19 24 32 43 44,39
09/30/1998,2 3 8 12 36,24
09/30/1995,12 22 31 32 40,2
09/30/1992,2 9 22 23 24,6
09/29/2018,9 17 34 59 64,22
09/29/2012,14 18 28 29 57,8
09/29/2010,13 44 51 52 55,30
09/29/2007,31 33 38 49 55,39
09/29/2004,16 28 33 35 37,17
09/29/2001,2 15 21 29 47,12
09/29/1999,11 22 29 41 46,42
09/29/1993,3 4 12 28 41,33
09/28/2019,15 23 34 51 55,4
09/28/2016,30 38 52 53 62,1
09/28/2013,14 47 52 53 54,5
09/28/2011,30 41 50 51 53,8
09/28/2005,7 22 27 48 50,17
09/28/2002,12 22 24 31 35,8
09/28/1996,2 13 14 35 36,39
09/28/1994,10 11 19 26 40,9
09/27/2017,8 10 21 23 25,22
09/27/2014,2 11 35 52 54,13
09/27/2008,13 24 29 40 52,29
09/27/2006,23 28 33 35 49,16
09/27/2003,9 20 30 41 48,29
09/27/2000,24 32 42 44 47,15
09/27/1997,6 14 16 31 41,6
09/27/1995,1 2 25 41 45,28
09/26/2020,11 21 27 36 62,24
09/26/2018,1 2 7 30 50,8
09/26/2015,23 31 42 50 57,5
09/26/2012,13 26 39 41 42,10
09/26/2009,18 20 34 36 39,19
09/26/2007,25 27 31 44 54,8
09/26/2001,18 26 30 35 44,19
09/26/1998,2 3 5 24 25,8
09/26/1992,17 24 40 44 45,14
09/25/2019,37 43 44 45 53,25
09/25/2013,2 7 17 49 53,23
09/25/2010,8 16 27 35 42,30
09/25/2004,11 25 40 41 48,3
09/25/2002,1 12 23 36 49,9
09/25/1999,15 32 33 36 41,7
09/25/1996,7 10 25 33 38,43
09/25/1993,1 2 8 16 23,9
09/24/2016,7 15 20 29 41,22
09/24/2014,7 14 21 24 41,26
09/24/2011,3 4 12 27 44,26
09/24/2008,5 13 21 32 36,33
09/24/2005,2 10 31 43 55,14
09/24/2003,17 19 20 28 47,37
09/24/1997,9 12 25 28 39,20
09/24/1994,10 16 23 28 32,10
09/23/2020,8 17 49 52 59,1
09/23/2017,24 45 55 56 57,19
09/23/2015,8 29 41 51 58,5
09/23/2009,7 8 20 25 29,11
09/23/2006,13 21 26 45 50,20
09/23/2000,1 17 27 35 36,31
09/23/1998,1 5 21 22 42,18
09/23/1995,1 9 13 19 38,32
09/23/1992,12 18 20 26 40,11
09/22/2018,24 61 63 64 69,18
09/22/2012,2 16 18 40 42,33
09/22/2010,10 24 36 52 55,15
09/22/2007,4 9 18 43 55,3
09/22/2004,6 14 34 37 40,7
09/22/2001,23 27 34 39 42,40
09/22/1999,8 33 35 38 47,8
09/22/1993,4 15 17 18 40,43
09/21/2019,1 9 22 36 68,22
09/21/2016,1 28 63 67 69,17
09/21/2013,12 17 45 54 58,13
09/21/2011,12 47 48 52 55,13
09/21/2005,3 28 34 35 50,8
09/21/2002,3 11 28 40 45,33
09/21/1996,2 17 23 30 39,2
09/21/1994,25 27 30 38 45,18
09/20/2017,39 48 53 67 68,26
09/20/2014,22 23 30 37 39,16
09/20/2008,6 28 30 40 47,24
09/20/2006,7 8 17 29 54,26
09/20/2003,11 13 28 31 33,29
09/20/2000,17 21 23 33 45,11
09/20/1997,15 16 22 28 43,33
09/20/1995,3 10 17 27 36,39
09/19/2020,11 14 23 47 57,14
09/19/2018,4 39 48 50 51,11
09/19/2015,12 17 26 43 48,24
09/19/2012,1 5 8 39 50,23
09/19/2009,5 24 25 30 49,23
09/19/2007,20 25 26 45 46,15
09/19/2001,21 26 28 31 41,29
09/19/1998,1 19 35 37 41,11
09/19/1992,17 19 21 29 36,45
09/18/2019,14 19 39 47 51,15
09/18/2013,7 10 22 32 35,19
09/18/2010,1 18 37 39 44,13
09/18/2004,2 14 27 31 36,9
09/18/2002,6 27 32 42 44,10
09/18/1999,2 8 26 34 46,30
09/18/1996,13 21 22 23 38,27
09/18/1993,1 8 18 29 38,42
09/17/2016,9 19 51 55 62,14
09/17/2014,18 25 36 48 50,23
09/17/2011,6 20 22 32 43,11
09/17/2008,12 23 26 32 44,20
09/17/2005,5 9 27 49 52,6
09/17/2003,2 19 24 32 34,2
09/17/1997,22 26 28 31 34,18
09/17/1994,18 29 30 37 41,21
09/16/2020,10 17 31 51 53,1
09/16/2017,17 18 24 25 31,24
09/16/2015,5 7 24 31 39,7
09/16/2009,17 37 40 51 56,25
09/16/2006,7 8 26 27 42,12
09/16/2000,1 19 40 47 49,14
09/16/1998,6 24 35 40 42,2
09/16/1995,5 6 21 26 38,7
09/16/1992,9 13 25 33 34,20
09/15/2018,2 18 19 24 34,3
09/15/2012,3 20 26 43 48,1
09/15/2010,7 20 21 34 43,34
09/15/2007,13 16 27 48 51,21
09/15/2004,1 8 17 28 50,20
09/15/2001,19 28 33 43 49,23
09/15/1999,1 12 37 42 48,31
09/15/1993,4 11 27 36 42,23
09/14/2019,11 27 31 36 67,11
09/14/2016,10 11 23 28 31,14
09/14/2013,1 17 25 37 44,20
09/14/2011,16 41 42 50 59,5
09/14/2005,21 24 42 49 50,1
09/14/2002,5 14 26 31 40,29
09/14/1996,7 15 26 34 44,45
09/14/1994,4 20 28 36 44,31
09/13/2017,17 24 35 57 63,19
09/13/2014,1 6 16 37 53,27
09/13/2008,7 17 29 43 51,38
09/13/2006,15 19 26 45 47,3
09/13/2003,6 10 19 28 32,39
09/13/2000,2 13 21 22 47,31
09/13/1997,6 8 19 32 45,22
09/13/1995,11 19 31 32 39,9
09/12/2020,16 17 20 53 67,4
09/12/2018,6 28 48 63 64,24
09/12/2015,2 3 13 16 35,27
09/12/2012,24 33 36 48 56,6
09/12/2009,13 28 38 41 56,25
09/12/2007,5 24 26 33 47,1
09/12/2001,13 25 35 39 47,1
09/12/1998,16 19 28 33 35,16
09/12/1992,10 20 22 26 34,35
09/11/2019,6 17 24 53 57,3
09/11/2013,11 19 33 42 52,33
09/11/2010,7 17 20 36 59,33
09/11/2004,25 34 36 46 49,9
09/11/2002,3 6 26 39 48,28
09/11/1999,4 32 33 37 42,25
09/11/1996,8 9 12 18 33,11
09/11/1993,2 4 27 29 35,23
09/10/2016,3 17 49 55 68,8
09/10/2014,2 14 39 40 43,13
09/10/2011,4 19 22 32 53,24
09/10/2008,14 15 28 37 53,18
09/10/2005,8 10 11 48 50,16
09/10/2003,3 17 29 30 33,34
09/10/1997,1 2 16 21 42,3
09/10/1994,10 11 20 27 44,26
09/09/2020,27 52 55 60 64,21
09/09/2017,6 20 29 57 59,22
09/09/2015,44 45 47 50 51,8
09/09/2009,4 16 18 51 53,23
09/09/2006,3 19 20 22 47,2
09/09/2000,14 18 20 29 42,2
09/09/1998,4 12 19 42 46,9
09/09/1995,2 5 21 40 43,41
09/09/1992,12 17 27 33 37,37
09/08/2018,3 13 20 32 33,21
09/08/2012,6 20 34 44 48,29
09/08/2010,10 35 39 51 57,20
09/08/2007,7 12 28 30 48,40
09/08/2004,2 4 28 33 52,18
09/08/2001,6 12 13 28 48,26
09/08/1999,8 15 22 39 43,22
09/08/1993,6 18 30 44 45,11
09/07/2019,11 20 41 42 56,6
09/07/2016,22 23 29 33 55,21
09/07/2013,2 19 22 26 45,24
09/07/2011,3 5 18 27 54,13
09/07/2005,12 32 40 50 54,37
09/07/2002,6 12 19 24 34,18
09/07/1996,13 14 28 35 38,9
09/07/1994,21 29 38 43 45,27
09/06/2017,8 14 32 58 67,17
09/06/2014,9 29 31 43 50,18
09/06/2008,17 25 26 49 54,11
09/06/2006,2 21 27 35 55,1
09/06/2003,6 15 18 20 41,17
09/06/2000,4 6 12 28 42,6
09/06/1997,7 34 35 39 45,29
09/06/1995,2 16 27 36 43,42
09/05/2020,15 21 22 27 47,7
09/05/2018,6 15 50 59 60,13
09/05/2015,10 16 18 29 45,19
09/05/2012,4 19 26 42 51,29
09/05/2009,9 16 27 35 57,29
09/05/2007,11 20 21 30 48,18
09/05/2001,14 18 24 33 42,8
09/05/1998,8 10 16 26 49,40
09/05/1992,3 4 23 24 34,6
09/04/2019,4 8 30 52 59,2
09/04/2013,2 9 26 45 47,11
09/04/2010,11 14 22 33 42,38
09/04/2004,13 15 25 26 46,28
09/04/2002,15 18 26 31 36,20
09/04/1999,14 22 23 26 34,29
09/04/1996,19 26 29 36 45,11
09/04/1993,20 26 38 41 43,22
09/03/2016,7 39 50 59 67,25
09/03/2014,2 16 43 45 51,35
09/03/2011,15 25 52 53 54,2
09/03/2008,38 40 46 49 50,34
09/03/2005,1 3 30 31 43,36
09/03/2003,6 9 19 24 40,31
09/03/1997,2 5 10 22 39,42
09/03/1994,3 12 17 20 34,23
09/02/2020,1 4 11 20 69,18
09/02/2017,6 21 41 52 62,26
09/02/2015,17 22 30 46 56,16
09/02/2009,18 23 36 47 59,36
09/02/2006,3 8 24 28 49,25
09/02/2000,5 14 20 22 26,35
09/02/1998,21 28 29 40 44,8
09/02/1995,4 11 28 33 37,44
09/02/1992,3 9 16 24 34,5
09/01/2018,11 54 55 61 66,9
09/01/2012,8 11 21 44 49,22
09/01/2010,17 20 21 40 51,19
09/01/2007,12 19 23 37 39,13
09/01/2004,31 33 44 45 51,31
09/01/2001,7 24 27 30 44,29
09/01/1999,9 32 36 37 39,14
09/01/1993,1 11 23 26 34,21
08/31/2019,14 41 50 56 57,18
08/31/2016,5 10 24 56 61,12
08/31/2013,2 7 25 40 56,20
08/31/2011,13 19 35 47 57,29
08/31/2005,13 17 19 41 50,13
08/31/2002,12 14 22 29 41,41
08/31/1996,20 21 24 42 44,18
08/31/1994,8 11 19 23 34,7
08/30/2017,19 28 43 67 69,7
08/30/2014,5 28 31 52 59,27
08/30/2008,2 14 15 32 47,36
08/30/2006,3 19 33 35 43,1
08/30/2003,9 35 36 41 49,33
08/30/2000,4 25 29 36 46,8
08/30/1997,3 11 26 29 36,24
08/30/1995,3 5 27 34 37,28
08/29/2020,5 21 22 29 43,10
08/29/2018,25 41 53 57 67,12
08/29/2015,18 21 25 28 29,16
08/29/2012,25 28 49 54 56,28
08/29/2009,1 20 37 52 53,33
08/29/2007,13 16 33 44 47,29
08/29/2001,4 9 32 35 49,28
08/29/1998,13 14 18 29 31,23
08/29/1992,14 17 30 32 41,27
08/28/2019,9 32 37 41 56,14
08/28/2013,6 7 9 19 32,13
08/28/2010,4 22 27 32 56,13
08/28/2004,6 30 35 39 45,31
08/28/2002,24 30 36 37 38,42
08/28/1999,14 18 25 38 39,7
08/28/1996,10 24 29 38 45,1
08/28/1993,1 4 7 10 12,42
08/27/2016,4 32 48 49 63,20
08/27/2014,17 24 26 45 46,19
08/27/2011,2 12 25 54 58,14
08/27/2008,13 31 36 48 49,11
08/27/2005,8 22 31 39 44,11
08/27/2003,24 31 36 42 46,32
08/27/1997,1 8 36 37 38,19
08/27/1994,11 17 18 25 40,8
08/26/2020,8 12 19 47 58,2
08/26/2017,7 15 32 38 66,15
08/26/2015,2 22 32 45 56,12
08/26/2009,1 21 23 30 43,11
08/26/2006,24 26 38 42 46,16
08/26/2000,16 22 27 40 43,5
08/26/1998,6 23 32 42 46,8
08/26/1995,3 12 30 31 45,19
08/26/1992,6 7 25 33 36,1
08/25/2018,20 25 54 57 63,8
08/25/2012,1 6 7 20 49,23
08/25/2010,16 17 29 31 36,23
08/25/2007,2 8 23 29 35,19
08/25/2004,1 30 32 37 50,19
08/25/2001,8 17 22 42 47,21
08/25/1999,11 13 21 34 45,30
08/25/1993,1 13 20 22 45,11
08/24/2019,5 12 20 21 47,1
08/24/2016,9 11 25 64 65,16
08/24/2013,12 17 25 45 59,19
08/24/2011,9 13 47 49 53,39
08/24/2005,9 11 26 35 51,32
08/24/2002,5 10 18 24 45,20
08/24/1996,2 13 15 35 40,10
08/24/1994,1 20 25 28 43,4
08/23/2017,6 7 16 23 26,4
08/23/2014,28 32 35 36 52,31
08/23/2008,18 24 33 47 48,23
08/23/2006,8 17 24 38 51,31
08/23/2003,1 39 46 50 51,7
08/23/2000,20 28 40 43 47,31
08/23/1997,12 14 34 35 44,9
08/23/1995,21 23 25 35 38,26
08/22/2020,19 30 36 42 66,14
08/22/2018,1 7 45 47 69,13
08/22/2015,4 12 14 21 55,7
08/22/2012,22 29 31 47 55,19
08/22/2009,3 6 20 32 51,23
08/22/2007,12 37 40 48 50,37
08/22/2001,2 28 30 36 39,10
08/22/1998,7 11 21 22 49,19
08/22/1992,4 36 40 43 44,43
08/21/2019,12 21 22 29 32,21
08/21/2013,30 40 42 46 48,23
08/21/2010,7 10 12 22 27,26
08/21/2004,3 16 27 39 40,3
08/21/2002,1 6 43 47 48,36
08/21/1999,2 17 28 42 45,20
08/21/1996,10 18 19 31 45,30
08/21/1993,24 26 34 37 42,13
08/20/2016,3 6 21 60 68,24
08/20/2014,4 8 21 38 40,3
08/20/2011,2 17 23 28 47,36
08/20/2008,15 16 24 35 47,26
08/20/2005,13 27 28 29 49,36
08/20/2003,8 22 35 46 48,15
08/20/1997,1 3 12 15 25,23
08/20/1994,6 11 21 22 32,38
08/19/2020,13 23 47 55 58,23
08/19/2017,17 19 39 43 68,13
08/19/2015,6 8 43 48 50,7
08/19/2009,14 24 31 43 51,27
08/19/2006,12 22 26 29 51,9
08/19/2000,10 13 17 23 36,23
08/19/1998,8 15 23 43 46,29
08/19/1995,3 6 16 19 26,4
08/19/1992,2 5 9 11 17,41
08/18/2018,24 34 52 61 67,16
08/18/2012,14 26 41 55 59,1
08/18/2010,4 32 33 47 55,39
08/18/2007,12 15 28 31 50,12
08/18/2004,31 33 35 40 42,40
08/18/2001,3 14 20 22 48,17
08/18/1999,5 8 9 26 41,19
08/18/1993,12 25 32 34 38,45
08/17/2019,18 21 24 30 60,20
08/17/2016,33 44 49 50 52,8
08/17/2013,18 21 46 54 56,23
08/17/2011,18 28 31 48 52,37
08/17/2005,3 8 30 43 53,15
08/17/2002,3 26 33 42 46,41
08/17/1996,17 36 41 42 44,35
08/17/1994,11 22 25 34 35,45
08/16/2017,9 15 43 60 64,4
08/16/2014,7 8 17 48 59,9
08/16/2008,5 34 40 43 52,20
08/16/2006,2 13 22 48 50,2
08/16/2003,13 15 20 37 42,7
08/16/2000,15 16 27 44 47,14
08/16/1997,3 12 25 33 34,24
08/16/1995,16 17 26 30 38,1
08/15/2020,5 12 34 45 56,3
08/15/2018,12 15 28 47 48,16
08/15/2015,3 13 17 42 52,24
08/15/2012,6 27 46 51 56,21
08/15/2009,14 15 26 32 36,12
08/15/2007,19 22 24 38 51,9
08/15/2001,29 37 40 43 44,6
08/15/1998,12 27 30 37 49,20
08/15/1992,7 16 17 42 45,12
08/14/2019,10 13 30 51 69,10
08/14/2013,4 11 17 43 51,20
08/14/2010,9 33 36 50 58,31
08/14/2004,4 10 11 18 43,41
08/14/2002,4 16 19 33 41,29
08/14/1999,1 5 6 39 45,14
08/14/1996,1 19 26 37 41,27
08/14/1993,10 11 14 34 36,10
08/13/2016,38 44 60 64 69,6
08/13/2014,8 37 39 40 52,24
08/13/2011,9 12 35 50 58,4
08/13/2008,5 10 19 23 31,26
08/13/2005,1 2 18 37 43,37
08/13/2003,26 31 35 44 48,32
08/13/1997,13 17 31 36 41,19
08/13/1994,11 33 39 41 44,33
08/12/2020,2 6 18 36 37,21
08/12/2017,20 24 26 35 49,19
08/12/2015,8 13 29 38 52,28
08/12/2009,10 25 32 34 47,5
08/12/2006,13 14 18 27 54,32
08/12/2000,6 31 38 46 47,21
08/12/1998,2 10 33 42 45,2
08/12/1995,1 16 24 34 35,6
08/12/1992,2 3 6 11 23,33
08/11/2018,5 43 56 62 68,24
08/11/2012,4 13 39 46 51,1
08/11/2010,7 10 22 23 52,29
08/11/2007,1 10 11 37 40,20
08/11/2004,5 10 29 33 51,35
08/11/2001,11 14 20 25 41,8
08/11/1999,5 7 10 12 43,7
08/11/1993,13 22 39 42 44,44
08/10/2019,35 41 44 58 59,3
08/10/2016,23 56 61 64 67,12
08/10/2013,4 12 14 37 58,13
08/10/2011,11 18 36 41 46,38
08/10/2005,13 31 36 38 49,2
08/10/2002,11 16 21 27 35,31
08/10/1996,2 13 14 19 42,5
08/10/1994,2 11 20 27 44,16
08/09/2017,12 30 36 47 62,9
08/09/2014,3 12 31 34 51,24
08/09/2008,32 40 43 49 53,21
08/09/2006,16 19 41 43 52,35
08/09/2003,18 23 25 26 40,15
08/09/2000,11 17 18 19 28,34
08/09/1997,1 7 13 17 27,12
08/09/1995,16 22 23 29 33,10
08/08/2020,2 3 14 40 51,24
08/08/2018,10 21 30 43 63,17
08/08/2015,9 34 48 52 54,15
08/08/2012,3 7 11 15 28,12
08/08/2009,4 33 37 45 50,11
08/08/2007,9 16 21 30 52,9
08/08/2001,2 10 25 37 41,2
08/08/1998,5 9 33 42 45,28
08/08/1992,5 14 19 26 30,27
08/07/2019,8 32 47 53 59,3
08/07/2013,5 25 30 58 59,32
08/07/2010,4 22 26 31 52,30
08/07/2004,8 9 16 34 48,8
08/07/2002,13 35 40 46 47,35
08/07/1999,1 42 44 45 49,1
08/07/1996,8 11 15 31 42,40
08/07/1993,3 18 20 22 35,41
08/06/2016,20 33 36 47 52,12
08/06/2014,1 8 24 28 49,24
08/06/2011,25 30 54 57 59,6
08/06/2008,5 24 36 37 51,19
08/06/2005,1 9 19 36 53,33
08/06/2003,11 14 26 31 48,30
08/06/1997,3 6 12 25 45,10
08/06/1994,15 18 20 23 26,36
08/05/2020,7 14 17 57 65,24
08/05/2017,11 21 28 33 45,11
08/05/2015,9 11 14 16 42,19
08/05/2009,25 34 41 46 49,29
08/05/2006,2 3 9 48 50,23
08/05/2000,13 28 32 33 38,14
08/05/1998,3 12 19 35 42,21
08/05/1995,16 27 29 36 38,21
08/05/1992,8 15 21 26 38,6
08/04/2018,3 11 38 44 58,2
08/04/2012,19 30 48 53 55,18
08/04/2010,19 28 30 37 53,36
08/04/2007,2 23 24 27 36,3
08/04/2004,11 22 26 37 51,21
08/04/2001,16 20 24 26 46,9
08/04/1999,4 18 24 33 35,34
08/04/1993,5 11 19 34 37,28
08/03/2019,3 6 45 66 68,13
08/03/2016,9 11 27 66 67,2
08/03/2013,21 24 36 42 45,15
08/03/2011,13 19 21 28 49,11
08/03/2005,5 19 24 28 39,24
08/03/2002,13 19 24 33 34,41
08/03/1996,8 18 21 24 37,29
08/03/1994,6 22 29 36 43,45
08/02/2017,1 16 54 63 69,18
08/02/2014,12 26 44 46 47,29
08/02/2008,2 5 28 33 54,30
08/02/2006,10 13 16 19 24,15
08/02/2003,17 40 41 42 46,25
08/02/2000,12 27 33 42 49,31
08/02/1997,2 21 28 35 36,10
08/02/1995,11 15 17 22 37,23
08/01/2020,6 25 36 43 48,24
08/01/2018,5 22 32 38 58,26
08/01/2015,7 13 24 49 57,15
08/01/2012,3 16 48 56 58,4
08/01/2009,5 37 39 46 53,8
08/01/2007,9 16 23 51 52,12
08/01/2001,24 25 26 34 39,31
08/01/1998,1 4 20 25 44,5
08/01/1992,10 15 17 20 28,29
07/31/2019,14 37 47 55 67,6
07/31/2013,8 24 39 49 59,5
07/31/2010,1 16 17 41 57,15
07/31/2004,14 31 35 45 47,35
07/31/2002,2 4 6 22 34,26
07/31/1999,18 26 43 45 46,29
07/31/1996,6 13 21 39 43,38
07/31/1993,16 25 26 31 35,16
07/30/2016,11 17 21 23 32,5
07/30/2014,13 30 42 49 53,29
07/30/2011,20 40 41 47 55,19
07/30/2008,3 25 45 51 55,13
07/30/2005,8 14 35 38 46,24
07/30/2003,18 22 26 31 49,28
07/30/1997,6 16 21 30 34,11
07/30/1994,1 2 8 21 31,18
07/29/2020,7 29 35 40 45,26
07/29/2017,1 28 40 45 48,12
07/29/2015,4 22 27 28 52,35
07/29/2009,2 5 38 43 59,8
07/29/2006,14 19 26 39 55,29
07/29/2000,11 24 26 38 41,7
07/29/1998,8 39 43 45 49,13
07/29/1995,11 14 16 25 33,26
07/29/1992,1 12 29 35 42,29
07/28/2018,22 27 46 56 65,13
07/28/2012,5 6 13 36 50,13
07/28/2010,1 11 20 25 27,2
07/28/2007,15 19 24 27 47,11
07/28/2004,4 19 39 40 50,22
07/28/2001,4 23 33 36 45,29
07/28/1999,22 23 25 31 32,25
07/28/1993,1 13 26 28 35,1
07/27/2019,1 19 31 48 61,6
07/27/2016,10 47 50 65 68,24
07/27/2013,9 23 40 53 58,6
07/27/2011,38 40 41 51 59,33
07/27/2005,1 4 10 13 29,3
07/27/2002,2 5 17 22 44,30
07/27/1996,3 9 10 13 31,12
07/27/1994,5 23 24 32 44,15
07/26/2017,7 19 21 42 69,12
07/26/2014,24 28 30 38 39,16
07/26/2008,12 13 21 51 55,18
07/26/2006,5 10 17 24 43,31
07/26/2003,9 10 30 32 34,11
07/26/2000,3 20 22 37 44,36
07/26/1997,6 10 18 23 26,42
07/26/1995,5 9 16 23 28,10
07/25/2020,5 21 36 61 62,18
07/25/2018,2 18 41 44 64,26
07/25/2015,27 29 34 41 44,2
07/25/2012,3 14 35 38 46,16
07/25/2009,5 17 33 46 52,9
07/25/2007,28 35 40 47 53,30
07/25/2001,16 23 29 37 39,17
07/25/1998,3 14 17 21 23,16
07/25/1992,15 21 27 32 37,37
07/24/2019,22 29 35 53 56,13
07/24/2013,9 29 40 44 54,7
07/24/2010,20 30 38 46 59,27
07/24/2004,2 3 13 29 52,25
07/24/2002,16 19 22 34 37,20
07/24/1999,4 23 33 45 47,33
07/24/1996,15 25 28 34 44,26
07/24/1993,6 11 12 23 40,3
07/23/2016,5 7 23 35 39,11
07/23/2014,4 10 12 22 31,3
07/23/2011,1 7 27 38 48,30
07/23/2008,11 14 35 41 52,2
07/23/2005,13 16 20 28 32,36
07/23/2003,4 16 34 37 51,38
07/23/1997,26 36 40 42 45,12
07/23/1994,29 32 38 40 45,23
07/22/2020,16 25 36 44 55,14
07/22/2017,5 32 44 53 60,9
07/22/2015,12 31 43 44 57,11
07/22/2009,4 6 16 22 32,11
07/22/2006,14 40 47 54 55,6
07/22/2000,2 12 15 33 41,33
07/22/1998,1 22 23 30 49,33
07/22/1995,1 4 6 22 28,9
07/22/1992,4 16 18 19 36,3
07/21/2018,9 23 56 58 68,1
07/21/2012,9 31 38 54 56,20
07/21/2010,16 22 30 51 58,25
07/21/2007,14 30 39 43 46,14
07/21/2004,3 31 38 42 46,2
07/21/2001,3 15 19 20 27,20
07/21/1999,4 13 26 29 31,3
07/21/1993,3 13 23 25 36,18
07/20/2019,5 26 36 64 69,19
07/20/2016,6 25 35 58 66,5
07/20/2013,14 25 27 38 58,6
07/20/2011,1 4 38 40 42,17
07/20/2005,6 7 32 39 51,31
07/20/2002,2 3 6 13 26,10
07/20/1996,7 10 11 17 38,13
07/20/1994,1 11 19 27 37,26
07/19/2017,50 51 59 61 63,4
07/19/2014,10 17 25 45 53,9
07/19/2008,6 28 46 53 55,2
07/19/2006,2 32 38 44 50,21
07/19/2003,14 29 30 34 48,1
07/19/2000,5 8 18 36 38,40
07/19/1997,4 11 26 33 41,1
07/19/1995,5 13 27 41 42,41
07/18/2020,13 16 32 58 59,9
07/18/2018,1 10 27 28 36,12
07/18/2015,6 37 39 45 55,33
07/18/2012,2 5 20 23 57,3
07/18/2009,4 21 26 28 47,37
07/18/2007,3 9 14 40 42,3
07/18/2001,4 9 26 31 49,2
07/18/1998,8 10 14 33 40,31
07/18/1992,2 5 18 19 35,40
07/17/2019,19 43 47 60 68,10
07/17/2013,1 22 34 38 42,17
07/17/2010,22 27 35 37 45,3
07/17/2004,20 23 36 45 50,9
07/17/2002,10 11 25 40 45,25
07/17/1999,30 36 37 40 48,28
07/17/1996,4 15 21 24 36,35
07/17/1993,11 23 33 35 44,43
07/16/2016,11 17 40 50 62,26
07/16/2014,5 15 18 26 32,35
07/16/2011,24 28 48 50 54,25
07/16/2008,3 15 23 29 42,17
07/16/2005,8 32 33 41 50,22
07/16/2003,18 27 28 30 49,20
07/16/1997,13 17 18 39 44,24
07/16/1994,5 6 23 38 45,41
07/15/2020,27 47 61 62 69,4
07/15/2017,9 40 63 64 66,17
07/15/2015,13 16 34 45 50,11
07/15/2009,26 50 51 52 57,37
07/15/2006,20 35 36 47 50,5
07/15/2000,5 8 21 46 49,34
07/15/1998,11 16 21 23 36,37
07/15/1995,1 3 4 20 40,40
07/15/1992,12 18 24 30 36,32
07/14/2018,22 41 42 49 67,11
07/14/2012,4 16 32 37 46,13
07/14/2010,20 21 23 38 42,6
07/14/2007,1 21 30 34 36,37
07/14/2004,9 24 45 49 50,37
07/14/2001,1 13 15 27 41,2
07/14/1999,1 6 25 29 32,9
07/14/1993,9 14 16 21 37,9
07/13/2019,13 23 32 35 68,21
07/13/2016,3 15 29 54 57,10
07/13/2013,2 8 22 35 37,6
07/13/2011,8 18 19 32 54,8
07/13/2005,4 5 13 23 43,34
07/13/2002,3 22 37 42 49,8
07/13/1996,6 15 23 29 34,16
07/13/1994,8 22 25 35 38,20
07/12/2017,1 2 18 23 61,9
07/12/2014,2 3 7 23 51,26
07/12/2008,2 12 20 22 50,17
07/12/2006,18 19 30 31 33,15
07/12/2003,6 16 50 51 52,23
07/12/2000,6 9 10 26 48,10
07/12/1997,3 5 11 35 37,14
07/12/1995,12 27 34 35 41,13
07/11/2020,14 19 61 62 64,4
07/11/2018,19 21 27 46 47,7
07/11/2015,11 39 46 52 54,3
07/11/2012,5 22 36 49 55,23
07/11/2009,1 4 20 39 42,2
07/11/2007,8 20 29 42 43,35
07/11/2001,10 16 18 24 26,13
07/11/1998,1 6 10 12 38,17
07/11/1992,9 11 24 28 44,20
07/10/2019,7 9 26 44 68,3
07/10/2013,30 31 45 55 59,27
07/10/2010,20 21 27 28 56,4
07/10/2004,16 17 23 26 44,13
07/10/2002,26 31 37 43 45,32
07/10/1999,7 17 35 37 44,30
07/10/1996,2 11 15 30 44,27
07/10/1993,15 18 19 28 41,35
07/09/2016,10 28 32 61 64,12
07/09/2014,9 25 42 55 57,14
07/09/2011,1 9 11 23 31,6
07/09/2008,5 7 31 49 53,14
07/09/2005,8 9 39 47 53,4
07/09/2003,19 21 26 31 51,40
07/09/1997,4 32 33 36 39,22
07/09/1994,5 12 23 27 28,3
07/08/2020,3 10 34 36 62,5
07/08/2017,8 10 29 40 59,26
07/08/2015,4 15 25 27 30,18
07/08/2009,19 42 50 53 56,39
07/08/2006,32 37 44 49 50,13
07/08/2000,2 7 10 34 39,12
07/08/1998,5 16 19 29 34,24
07/08/1995,1 6 19 21 26,9
07/08/1992,9 25 28 35 43,13
07/07/2018,1 10 43 45 64,22
07/07/2012,3 5 29 39 59,29
07/07/2010,10 41 44 48 56,4
07/07/2007,15 21 27 41 47,20
07/07/2004,18 25 30 34 41,10
07/07/2001,3 9 22 34 46,17
07/07/1999,3 6 17 37 41,8
07/07/1993,4 8 19 28 41,30
07/06/2019,4 8 23 46 65,1
07/06/2016,2 24 31 57 66,18
07/06/2013,2 13 35 36 52,11
07/06/2011,11 15 24 50 55,8
07/06/2005,2 12 25 30 48,38
07/06/2002,2 9 27 36 39,13
07/06/1996,3 4 24 31 38,10
07/06/1994,6 9 11 22 23,2
07/05/2017,4 9 16 54 68,21
07/05/2014,24 34 36 57 58,11
07/05/2008,1 24 34 47 48,18
07/05/2006,26 39 41 52 53,20
07/05/2003,5 17 25 37 49,21
07/05/2000,10 14 18 32 33,2
07/05/1997,22 26 28 43 44,29
07/05/1995,6 14 21 23 41,6
07/04/2020,16 21 27 60 61,6
07/04/2018,4 7 15 41 44,10
07/04/2015,3 6 14 18 24,21
07/04/2012,14 19 35 39 56,33
07/04/2009,4 9 22 41 44,14
07/04/2007,1 2 15 17 49,35
07/04/2001,3 25 26 28 30,10
07/04/1998,15 25 30 38 39,42
07/04/1992,5 7 15 22 45,31
07/03/2019,40 43 45 50 61,25
07/03/2013,3 6 29 40 51,4
07/03/2010,3 10 14 52 53,3
07/03/2004,3 8 12 30 47,23
07/03/2002,7 19 38 48 49,10
07/03/1999,1 7 8 21 37,2
07/03/1996,4 14 27 29 38,12
07/03/1993,9 14 15 30 40,4
07/02/2016,10 34 39 59 63,4
07/02/2014,8 18 45 53 58,35
07/02/2011,1 11 18 29 51,32
07/02/2008,4 33 46 48 52,17
07/02/2005,9 10 29 39 52,20
07/02/2003,16 17 24 26 45,36
07/02/1997,9 18 37 44 45,38
07/02/1994,16 20 22 29 45,11
07/01/2020,15 28 52 53 63,18
07/01/2017,19 42 45 48 53,16
07/01/2015,7 24 26 31 41,25
07/01/2009,9 32 38 52 53,15
07/01/2006,2 31 35 40 42,34
07/01/2000,13 14 22 32 42,26
07/01/1998,3 17 29 35 47,34
07/01/1995,4 14 16 27 28,43
07/01/1992,10 24 31 33 45,30
06/30/2018,3 9 20 42 61,24
06/30/2012,7 15 20 41 44,22
06/30/2010,6 38 43 47 48,27
06/30/2007,24 38 39 46 47,26
06/30/2004,2 29 31 45 47,4
06/30/2001,3 6 33 34 39,15
06/30/1999,5 10 12 20 40,3
06/30/1993,12 24 31 34 40,44
06/29/2019,13 17 24 59 62,8
06/29/2016,23 29 37 60 64,6
06/29/2013,8 28 30 53 56,16
06/29/2011,24 30 45 57 59,26
06/29/2005,3 8 22 42 49,39
06/29/2002,4 33 35 36 45,22
06/29/1996,22 28 37 41 45,43
06/29/1994,23 26 27 28 39,4
06/28/2017,29 37 46 53 68,8
06/28/2014,8 12 34 43 56,9
06/28/2008,14 26 32 34 44,6
06/28/2006,2 8 16 45 51,32
06/28/2003,7 9 14 41 44,25
06/28/2000,13 24 27 30 45,18
06/28/1997,1 21 31 34 43,42
06/28/1995,6 11 13 19 40,12
06/27/2020,9 36 49 56 62,8
06/27/2018,7 28 37 62 63,15
06/27/2015,18 28 35 46 49,27
06/27/2012,6 34 40 46 58,6
06/27/2009,18 22 26 39 48,17
06/27/2007,9 11 13 24 43,18
06/27/2001,3 7 13 16 35,22
06/27/1998,7 10 30 31 36,37
06/27/1992,17 23 24 31 35,25
06/26/2019,1 5 16 22 54,24
06/26/2013,1 18 33 39 46,33
06/26/2010,13 30 32 38 57,25
06/26/2004,9 17 32 41 47,8
06/26/2002,6 9 17 23 24,14
06/26/1999,8 15 22 38 47,26
06/26/1996,8 23 36 40 41,26
06/26/1993,4 9 18 19 42,10
06/25/2016,3 27 36 56 69,25
06/25/2014,10 20 25 50 53,35
06/25/2011,18 36 39 41 57,12
06/25/2008,14 21 25 45 53,9
06/25/2005,7 28 31 32 40,14
06/25/2003,5 26 35 43 50,4
06/25/1997,20 29 34 35 39,16
06/25/1994,3 7 20 33 43,19
06/24/2020,15 22 27 33 46,23
06/24/2017,10 22 32 36 58,10
06/24/2015,3 5 10 22 32,7
06/24/2009,16 18 24 51 53,16
06/24/2006,8 11 30 39 47,23
06/24/2000,2 13 26 27 49,4
06/24/1998,13 16 18 27 30,23
06/24/1995,11 17 25 35 40,12
06/24/1992,9 10 19 36 40,39
06/23/2018,16 29 43 45 56,25
06/23/2012,1 3 41 44 53,30
06/23/2010,11 30 45 47 48,10
06/23/2007,14 15 27 43 53,28
06/23/2004,9 12 16 20 39,1
06/23/2001,6 35 38 40 42,36
06/23/1999,12 15 17 23 49,7
06/23/1993,4 6 15 16 41,3
06/22/2019,3 6 11 14 66,21
06/22/2016,14 40 42 43 52,17
06/22/2013,13 19 23 33 57,28
06/22/2011,12 15 19 46 59,12
06/22/2005,9 13 23 42 51,15
06/22/2002,1 16 26 37 48,9
06/22/1996,6 23 33 34 45,17
06/22/1994,3 8 19 26 33,41
06/21/2017,14 46 61 65 68,13
06/21/2014,5 6 37 41 54,26
06/21/2008,7 8 9 31 50,31
06/21/2006,11 19 22 43 45,34
06/21/2003,15 19 27 36 44,17
06/21/2000,1 24 27 28 43,25
06/21/1997,6 11 20 29 45,43
06/21/1995,16 21 23 26 42,26
06/20/2020,10 31 41 63 67,5
06/20/2018,4 14 23 27 56,13
06/20/2015,9 10 16 20 57,15
06/20/2012,11 17 29 56 57,14
06/20/2009,3 11 18 22 28,33
06/20/2007,23 31 32 37 55,35
06/20/2001,5 9 14 18 49,32
06/20/1998,9 26 27 31 49,4
06/20/1992,7 11 15 21 35,12
06/19/2019,4 18 21 26 38,1
06/19/2013,7 46 47 52 57,17
06/19/2010,9 30 31 50 54,39
06/19/2004,2 9 36 37 48,16
06/19/2002,1 3 4 7 11,23
06/19/1999,2 23 27 38 46,26
06/19/1996,9 12 38 40 44,10
06/19/1993,6 17 20 36 42,17
06/18/2016,2 23 41 53 63,11
06/18/2014,6 9 29 52 59,7
06/18/2011,12 21 22 38 41,18
06/18/2008,9 12 31 39 52,32
06/18/2005,5 8 10 16 24,5
06/18/2003,19 20 21 45 46,20
06/18/1997,16 23 24 28 29,24
06/18/1994,3 12 14 27 35,12
06/17/2020,7 10 63 64 68,10
06/17/2017,10 13 32 53 62,21
06/17/2015,20 21 22 41 54,7
06/17/2009,5 9 37 42 53,27
06/17/2006,10 20 22 39 48,25
06/17/2000,6 15 25 44 47,7
06/17/1998,7 14 35 36 37,10
06/17/1995,9 15 23 28 44,34
06/17/1992,1 9 14 26 32,13
06/16/2018,9 45 57 58 65,9
06/16/2012,8 14 15 16 27,26
06/16/2010,8 11 18 29 36,6
06/16/2007,4 8 32 47 51,27
06/16/2004,16 18 26 39 48,22
06/16/2001,2 13 17 44 45,14
06/16/1999,2 4 8 14 38,1
06/16/1993,7 20 27 35 36,18
06/15/2019,8 11 14 16 49,14
06/15/2016,4 22 24 31 33,10
06/15/2013,28 36 40 48 55,1
06/15/2011,19 20 38 41 43,29
06/15/2005,14 20 22 39 44,14
06/15/2002,7 8 16 42 43,15
06/15/1996,5 14 20 22 36,8
06/15/1994,3 13 14 29 45,2
06/14/2017,5 22 43 57 63,24
06/14/2014,9 33 42 45 54,30
06/14/2008,9 11 20 31 50,14
06/14/2006,4 14 15 40 48,12
06/14/2003,12 26 40 42 50,3
06/14/2000,21 23 32 34 42,5
06/14/1997,9 17 21 24 27,16
06/14/1995,2 12 20 35 37,21
06/13/2020,2 12 32 50 65,5
06/13/2018,13 20 38 45 55,1
06/13/2015,29 41 48 52 54,29
06/13/2012,7 10 14 33 57,18
06/13/2009,13 16 20 35 41,6
06/13/2007,10 13 28 30 47,26
06/13/2001,9 32 34 36 41,14
06/13/1998,3 6 8 21 23,11
06/13/1992,13 27 29 42 43,41
06/12/2019,5 35 38 42 57,13
06/12/2013,16 22 23 42 55,32
06/12/2010,9 12 13 35 38,30
06/12/2004,6 20 43 48 52,28
06/12/2002,13 18 27 39 49,20
06/12/1999,17 26 28 35 45,20
06/12/1996,7 15 23 38 43,31
06/12/1993,11 24 28 39 41,36
06/11/2016,20 27 36 41 58,7
06/11/2014,14 18 25 33 49,23
06/11/2011,16 18 27 36 50,8
06/11/2008,7 18 21 28 49,1
06/11/2005,3 10 14 24 46,37
06/11/2003,12 16 43 44 46,38
06/11/1997,7 10 23 33 45,12
06/11/1994,7 18 37 39 43,11
06/10/2020,10 33 41 52 54,18
06/10/2017,20 26 32 38 58,3
06/10/2015,31 32 48 49 53,25
06/10/2009,15 26 27 42 58,37
06/10/2006,16 24 26 36 54,11
06/10/2000,2 16 32 40 47,15
06/10/1998,4 12 19 36 38,6
06/10/1995,11 20 28 35 44,20
06/10/1992,1 8 24 30 36,28
06/09/2018,6 10 15 25 36,14
06/09/2012,18 22 45 56 57,27
06/09/2010,14 22 27 32 49,5
06/09/2007,7 10 25 32 41,22
06/09/2004,1 31 33 37 50,40
06/09/2001,20 23 37 42 43,27
06/09/1999,7 32 35 38 48,17
06/09/1993,9 20 29 41 43,41
06/08/2019,9 13 42 48 60,18
06/08/2016,12 25 37 60 69,20
06/08/2013,2 11 22 26 32,19
06/08/2011,14 37 44 45 53,29
06/08/2005,10 36 40 42 43,42
06/08/2002,26 37 42 46 48,38
06/08/1996,7 8 21 28 34,14
06/08/1994,9 15 23 31 44,1
06/07/2017,5 21 57 66 69,13
06/07/2014,28 30 35 58 59,15
06/07/2008,12 26 34 44 48,9
06/07/2006,4 10 20 26 40,8
06/07/2003,11 17 26 27 40,6
06/07/2000,19 39 45 46 49,17
06/07/1997,6 8 18 34 39,22
06/07/1995,13 24 28 36 39,42
06/06/2020,1 17 38 68 69,18
06/06/2018,23 28 41 53 56,14
06/06/2015,8 13 18 27 43,15
06/06/2012,19 30 33 48 59,27
06/06/2009,10 18 23 30 45,2
06/06/2007,5 9 14 45 48,28
06/06/2001,10 20 21 40 45,22
06/06/1998,16 24 26 28 42,24
06/06/1992,2 6 9 10 42,20
06/05/2019,17 23 28 34 38,8
06/05/2013,4 26 33 36 55,32
06/05/2010,18 34 40 48 59,25
06/05/2004,5 26 39 41 42,39
06/05/2002,1 18 21 36 47,33
06/05/1999,2 8 16 37 49,11
06/05/1996,1 3 19 35 37,1
06/05/1993,1 3 5 9 30,45
06/04/2016,16 20 22 43 64,17
06/04/2014,1 7 10 22 49,24
06/04/2011,17 19 39 41 58,21
06/04/2008,5 18 20 40 52,3
06/04/2005,7 16 38 44 48,18
06/04/2003,2 14 24 26 53,1
06/04/1997,4 12 18 20 38,40
06/04/1994,7 8 15 23 31,26
06/03/2020,1 3 26 41 64,17
06/03/2017,3 9 21 41 54,25
06/03/2015,6 8 13 37 40,11
06/03/2009,16 20 22 32 37,9
06/03/2006,5 6 18 20 50,35
06/03/2000,13 14 15 31 37,10
06/03/1998,22 25 31 35 41,38
06/03/1995,7 20 21 26 27,45
06/03/1992,1 2 11 19 30,15
06/02/2018,23 25 37 44 64,7
06/02/2012,9 10 17 29 45,33
06/02/2010,4 9 14 39 43,38
06/02/2007,2 22 32 36 47,36
06/02/2004,5 6 12 26 29,30
06/02/2001,10 17 26 45 48,38
06/02/1999,4 20 24 46 48,32
06/02/1993,16 23 24 33 42,31
06/01/2019,6 15 34 45 52,8
06/01/2016,23 30 33 40 69,12
06/01/2013,22 28 33 53 59,14
06/01/2011,8 18 38 46 56,31
06/01/2005,15 34 39 42 50,12
06/01/2002,2 6 17 19 27,2
06/01/1996,5 12 17 22 36,4
06/01/1994,2 20 32 36 38,31
05/31/2017,4 33 39 46 60,6
05/31/2014,15 27 31 34 48,1
05/31/2008,3 9 14 17 25,8
05/31/2006,10 20 22 43 49,3
05/31/2003,10 26 30 46 52,35
05/31/2000,15 16 22 42 43,11
05/31/1997,7 11 16 17 39,17
05/31/1995,7 14 16 24 36,27
05/30/2020,13 32 41 58 60,14
05/30/2018,17 23 26 46 68,20
05/30/2015,8 9 25 56 57,22
05/30/2012,9 10 24 52 56,14
05/30/2009,1 23 42 51 59,20
05/30/2007,7 23 35 54 55,28
05/30/2001,11 12 28 36 43,9
05/30/1998,3 14 24 29 45,24
05/30/1992,4 8 17 19 45,9
05/29/2019,3 32 34 42 61,7
05/29/2013,9 14 17 49 57,2
05/29/2010,1 3 24 28 41,10
05/29/2004,1 16 30 32 39,2
05/29/2002,18 28 31 35 49,13
05/29/1999,5 35 36 43 45,19
05/29/1996,14 20 29 40 44,11
05/29/1993,1 5 21 28 41,12
05/28/2016,6 33 34 58 59,12
05/28/2014,2 24 28 32 59,25
05/28/2011,12 20 43 51 55,11
05/28/2008,10 18 22 37 45,9
05/28/2005,5 7 24 28 39,36
05/28/2003,6 16 17 19 38,16
05/28/1997,6 10 30 34 39,19
05/28/1994,6 10 24 28 45,3
05/27/2020,38 58 59 64 68,21
05/27/2017,5 10 28 55 67,9
05/27/2015,8 15 34 53 59,23
05/27/2009,5 6 12 16 21,7
05/27/2006,6 23 27 41 47,19
05/27/2000,2 22 29 30 44,36
05/27/1998,2 15 27 33 46,27
05/27/1995,5 7 11 26 33,39
05/27/1992,30 32 41 42 44,6
05/26/2018,1 21 31 45 49,21
05/26/2012,13 14 41 49 59,14
05/26/2010,1 6 10 13 20,32
05/26/2007,1 5 21 46 51,29
05/26/2004,3 10 31 35 38,16
05/26/2001,9 10 21 24 40,36
05/26/1999,26 29 34 36 37,24
05/26/1993,5 9 27 30 34,6
05/25/2019,1 2 39 43 66,2
05/25/2016,11 24 41 59 64,15
05/25/2013,2 6 19 21 27,25
05/25/2011,4 23 31 42 50,23
05/25/2005,27 29 31 42 46,33
05/25/2002,9 29 30 33 42,27
05/25/1996,9 21 39 44 45,37
05/25/1994,6 9 15 22 26,10
05/24/2017,28 32 33 38 62,15
05/24/2014,15 16 28 49 55,18
05/24/2008,33 40 41 51 52,6
05/24/2006,2 3 12 47 51,10
05/24/2003,10 42 48 49 50,42
05/24/2000,7 19 43 46 47,4
05/24/1997,5 21 33 35 45,13
05/24/1995,7 14 25 26 29,9
05/23/2020,2 8 18 21 23,16
05/23/2018,20 54 56 61 64,7
05/23/2015,9 15 17 31 43,16
05/23/2012,4 7 26 53 59,32
05/23/2009,19 23 34 52 57,21
05/23/2007,3 11 24 36 38,6
05/23/2001,19 21 32 34 49,38
05/23/1998,1 15 16 35 46,35
05/23/1992,23 27 28 36 44,26
05/22/2019,7 10 20 44 57,3
05/22/2013,9 31 35 41 57,26
05/22/2010,19 20 40 47 57,29
05/22/2004,1 7 36 42 49,41
05/22/2002,5 20 22 23 34,19
05/22/1999,6 15 18 36 43,11
05/22/1996,15 26 33 35 39,27
05/22/1993,7 18 26 31 36,39
05/21/2016,5 7 9 23 32,26
05/21/2014,4 20 34 39 58,31
05/21/2011,2 8 40 49 50,36
05/21/2008,7 16 21 33 42,25
05/21/2005,2 5 7 10 30,23
05/21/2003,4 30 32 35 41,9
05/21/1997,8 20 32 37 44,40
05/21/1994,19 33 36 39 44,12
05/20/2020,18 34 40 42 50,9
05/20/2017,5 22 45 47 54,3
05/20/2015,1 12 28 35 44,25
05/20/2009,23 30 31 35 42,6
05/20/2006,2 9 23 44 45,38
05/20/2000,5 17 40 44 48,26
05/20/1998,4 9 30 34 48,8
05/20/1995,4 11 21 25 27,29
05/20/1992,3 11 16 30 34,45
05/19/2018,3 6 9 17 56,25
05/19/2012,8 13 35 46 51,30
05/19/2010,2 7 29 55 58,27
05/19/2007,3 19 21 26 45,2
05/19/2004,14 15 31 37 41,31
05/19/2001,6 10 21 47 49,2
05/19/1999,4 9 24 35 41,31
05/19/1993,12 24 31 35 38,8
05/18/2019,2 10 25 66 67,26
05/18/2016,23 25 39 54 67,11
05/18/2013,10 13 14 22 52,11
05/18/2011,7 12 13 42 49,16
05/18/2005,7 13 17 20 35,35
05/18/2002,2 18 25 31 32,1
05/18/1996,2 7 8 28 33,35
05/18/1994,5 6 25 33 36,39
05/17/2017,4 11 39 45 48,9
05/17/2014,23 32 39 47 49,22
05/17/2008,12 14 15 21 43,30
05/17/2006,15 17 24 26 35,38
05/17/2003,5 13 18 42 50,4
05/17/2000,16 17 20 28 49,34
05/17/1997,14 24 25 29 31,36
05/17/1995,2 10 12 30 43,10
05/16/2020,8 12 26 39 42,11
05/16/2018,17 19 21 22 51,19
05/16/2015,24 29 38 48 52,32
05/16/2012,3 7 21 28 43,2
05/16/2009,6 7 31 40 56,38
05/16/2007,6 7 16 34 42,23
05/16/2001,12 13 20 28 44,17
05/16/1998,1 22 23 28 41,18
05/16/1992,2 9 19 28 30,38
05/15/2019,7 17 33 61 68,4
05/15/2013,2 11 26 34 41,32
05/15/2010,15 21 23 28 36,20
05/15/2004,1 26 27 43 46,31
05/15/2002,30 33 36 37 49,35
05/15/1999,4 24 27 30 38,14
05/15/1996,11 16 17 32 37,16
05/15/1993,15 27 32 40 41,30
05/14/2016,13 27 47 64 65,9
05/14/2014,7 33 39 52 55,33
05/14/2011,8 17 18 40 44,16
05/14/2008,19 21 29 32 46,32
05/14/2005,21 29 38 49 52,42
05/14/2003,20 33 34 45 52,21
05/14/1997,8 28 36 42 44,18
05/14/1994,23 25 30 33 45,37
05/13/2020,39 53 54 56 57,20
05/13/2017,17 20 32 63 68,19
05/13/2015,1 25 29 31 47,7
05/13/2009,19 30 32 37 40,37
05/13/2006,19 28 30 47 54,13
05/13/2000,1 3 27 38 42,24
05/13/1998,2 13 18 30 36,26
05/13/1995,2 17 18 34 36,26
05/13/1992,3 6 13 33 43,37
05/12/2018,22 42 45 55 56,14
05/12/2012,10 24 35 53 58,22
05/12/2010,37 51 52 53 58,38
05/12/2007,30 44 46 51 53,25
05/12/2004,11 31 35 42 45,35
05/12/2001,11 16 28 29 36,21
05/12/1999,4 5 12 38 40,28
05/12/1993,10 24 35 36 39,13
05/11/2019,6 8 9 37 40,26
05/11/2016,20 32 52 66 69,23
05/11/2013,6 13 19 23 43,16
05/11/2011,9 17 32 43 45,31
05/11/2005,5 25 46 48 49,6
05/11/2002,3 15 16 36 40,22
05/11/1996,17 23 26 27 42,42
05/11/1994,6 9 23 33 39,42
05/10/2017,29 31 46 56 62,8
05/10/2014,4 31 41 47 55,1
05/10/2008,7 18 30 41 45,6
05/10/2006,3 4 11 37 44,24
05/10/2003,1 2 6 10 20,38
05/10/2000,8 18 20 31 47,11
05/10/1997,5 9 14 16 24,35
05/10/1995,1 5 16 27 32,27
05/09/2020,12 18 42 48 65,19
05/09/2018,11 16 38 50 69,19
05/09/2015,4 15 17 35 58,17
05/09/2012,1 7 11 55 56,1
05/09/2009,4 15 32 49 58,21
05/09/2007,2 13 30 44 52,40
05/09/2001,9 14 19 22 49,34
05/09/1998,8 26 29 34 49,28
05/09/1992,1 12 16 23 31,33
05/08/2019,1 45 53 64 66,3
05/08/2013,21 22 26 30 57,27
05/08/2010,5 22 34 41 57,31
05/08/2004,3 9 17 37 43,39
05/08/2002,6 11 25 28 34,35
05/08/1999,25 28 30 34 47,14
05/08/1996,10 16 24 28 41,8
05/08/1993,21 22 36 43 45,26
05/07/2016,5 25 26 44 66,9
05/07/2014,17 29 31 48 49,34
05/07/2011,2 11 27 47 55,15
05/07/2008,9 25 26 28 42,26
05/07/2005,21 23 39 44 47,19
05/07/2003,13 18 34 35 51,28
05/07/1997,8 10 12 27 35,4
05/07/1994,21 29 30 35 37,9
05/06/2020,7 8 35 50 65,20
05/06/2017,11 21 31 41 59,21
05/06/2015,23 24 27 39 41,30
05/06/2009,7 8 12 22 31,18
05/06/2006,12 23 25 32 38,27
05/06/2000,4 27 29 39 41,16
05/06/1998,11 20 44 45 47,5
05/06/1995,2 26 31 38 43,12
05/06/1992,27 29 30 36 43,4
05/05/2018,14 29 36 57 61,17
05/05/2012,9 12 20 44 59,23
05/05/2010,13 34 40 47 57,11
05/05/2007,13 21 29 40 50,6
05/05/2004,9 16 21 25 32,8
05/05/2001,7 9 19 20 45,5
05/05/1999,7 9 26 31 40,24
05/05/1993,7 15 40 42 43,11
05/04/2019,6 16 23 30 61,2
05/04/2016,30 47 57 66 69,3
05/04/2013,7 12 26 36 40,17
05/04/2011,3 15 27 29 41,24
05/04/2005,10 21 27 33 40,2
05/04/2002,6 7 9 12 20,20
05/04/1996,4 9 24 31 42,39
05/04/1994,22 23 39 44 45,6
05/03/2017,17 18 49 59 66,9
05/03/2014,5 15 16 46 49,26
05/03/2008,2 28 36 42 46,40
05/03/2006,4 6 19 38 42,37
05/03/2003,14 21 39 40 47,6
05/03/2000,5 13 34 41 48,7
05/03/1997,8 21 22 29 38,29
05/03/1995,5 15 24 42 44,3
05/02/2020,13 16 33 58 68,24
05/02/2018,5 14 31 40 50,6
05/02/2015,2 6 11 30 31,33
05/02/2012,7 8 33 38 50,29
05/02/2009,3 20 38 42 45,27
05/02/2007,1 8 35 40 47,9
05/02/2001,2 19 30 36 42,19
05/02/1998,3 14 19 37 49,4
05/02/1992,14 23 31 32 41,33
05/01/2019,5 23 28 56 66,17
05/01/2013,22 26 31 54 55,18
05/01/2010,16 23 25 49 58,20
05/01/2004,1 10 34 39 47,33
05/01/2002,3 26 32 45 48,6
05/01/1999,7 9 20 26 27,18
05/01/1996,2 14 27 30 43,9
05/01/1993,2 14 25 35 41,1
04/30/2016,3 12 16 32 34,14
04/30/2014,2 9 11 19 50,32
04/30/2011,6 13 15 32 41,3
04/30/2008,1 17 25 43 51,38
04/30/2005,8 15 17 32 48,24
04/30/2003,7 13 17 32 33,35
04/30/1997,17 26 31 33 40,32
04/30/1994,3 7 8 39 45,11
04/29/2020,2 20 49 61 67,20
04/29/2017,22 23 24 45 62,5
04/29/2015,1 26 34 38 51,6
04/29/2009,6 19 36 50 59,13
04/29/2006,19 30 35 40 41,14
04/29/2000,12 14 26 35 36,37
04/29/1998,8 25 30 46 47,31
04/29/1995,4 15 24 25 28,39
04/29/1992,1 8 10 28 35,10
04/28/2018,20 22 28 45 50,8
04/28/2012,31 39 40 57 58,33
04/28/2010,12 22 25 28 44,24
04/28/2007,16 22 43 46 49,10
04/28/2004,27 34 42 49 52,23
04/28/2001,1 11 20 34 39,37
04/28/1999,5 7 12 18 42,14
04/28/1993,1 13 16 37 41,2
04/27/2019,2 29 41 45 62,6
04/27/2016,2 25 33 39 64,17
04/27/2013,3 23 48 54 55,5
04/27/2011,4 24 40 44 55,5
04/27/2005,11 13 18 32 42,4
04/27/2002,1 9 12 18 33,14
04/27/1996,5 7 23 34 45,18
04/27/1994,12 19 30 33 36,29
04/26/2017,1 15 18 26 51,26
04/26/2014,3 7 22 30 33,20
04/26/2008,7 12 17 27 45,24
04/26/2006,12 24 26 48 55,14
04/26/2003,5 11 13 22 36,31
04/26/2000,5 10 17 24 37,15
04/26/1997,5 18 29 31 42,43
04/26/1995,15 28 30 35 43,19
04/25/2020,1 3 21 47 57,18
04/25/2018,17 18 39 56 64,12
04/25/2015,21 33 35 38 45,12
04/25/2012,4 25 29 34 43,29
04/25/2009,8 26 30 42 52,15
04/25/2007,12 13 14 17 53,11
04/25/2001,14 26 28 29 39,39
04/25/1998,5 7 20 35 38,19
04/25/1992,6 9 22 42 44,12
04/24/2019,6 32 35 36 65,4
04/24/2013,9 19 31 56 59,2
04/24/2010,1 12 53 56 57,5
04/24/2004,2 13 22 35 44,28
04/24/2002,1 13 16 33 43,1
04/24/1999,1 3 35 45 48,18
04/24/1996,5 18 20 24 43,22
04/24/1993,9 15 16 25 26,2
04/23/2016,19 35 46 59 62,13
04/23/2014,19 25 29 36 48,12
04/23/2011,3 11 47 48 58,19
04/23/2008,11 20 21 22 39,1
04/23/2005,8 9 13 15 50,9
04/23/2003,14 15 23 31 51,34
04/23/1997,4 16 21 31 39,13
04/23/1994,8 9 15 39 42,19
04/22/2020,1 33 35 40 69,24
04/22/2017,21 39 41 48 63,6
04/22/2015,10 14 25 39 53,18
04/22/2009,15 22 30 37 48,12
04/22/2006,4 5 6 18 27,24
04/22/2000,3 5 9 42 48,35
04/22/1998,4 13 29 31 49,4
04/22/1995,11 21 28 33 36,36
04/22/1992,2 25 35 41 42,15
04/21/2018,40 50 54 62 69,19
04/21/2012,6 8 20 42 51,16
04/21/2010,11 34 41 49 55,20
04/21/2007,22 26 28 33 45,17
04/21/2004,8 11 34 42 51,27
04/21/2001,5 24 25 30 38,40
04/21/1999,3 11 32 41 45,29
04/21/1993,3 8 10 14 29,37
04/20/2019,3 27 30 63 65,1
04/20/2016,12 25 30 52 62,8
04/20/2013,6 8 30 39 48,20
04/20/2011,9 24 34 36 43,27
04/20/2005,7 16 33 34 46,27
04/20/2002,27 34 40 42 44,8
04/20/1996,2 8 10 29 32,40
04/20/1994,11 12 22 24 26,19
04/19/2017,1 19 37 40 52,15
04/19/2014,5 6 29 35 51,21
04/19/2008,13 19 24 33 39,8
04/19/2006,5 28 32 34 53,10
04/19/2003,10 18 40 46 48,30
04/19/2000,3 8 9 20 49,22
04/19/1997,5 13 19 28 31,31
04/19/1995,1 3 11 22 28,42
04/18/2020,4 44 46 56 63,19
04/18/2018,9 10 12 17 23,9
04/18/2015,13 22 23 29 31,17
04/18/2012,20 22 39 46 49,29
04/18/2009,7 15 28 43 44,20
04/18/2007,6 10 12 13 24,19
04/18/2001,6 11 18 20 44,39
04/18/1998,19 22 24 30 45,21
04/17/2019,1 15 17 46 66,15
04/17/2013,13 18 36 48 58,28
04/17/2010,5 21 22 41 49,15
04/17/2004,4 29 34 41 42,11
04/17/2002,2 3 22 23 36,22
04/17/1999,15 18 25 40 43,37
04/17/1996,2 20 26 31 36,2
04/17/1993,4 15 30 36 38,9
04/16/2016,3 18 25 32 51,3
04/16/2014,34 39 42 44 59,8
04/16/2011,21 33 44 45 55,7
04/16/2008,11 16 18 21 51,16
04/16/2005,11 38 44 45 51,41
04/16/2003,4 25 39 41 50,31
04/16/1997,15 16 24 39 45,37
04/16/1994,4 13 18 28 43,9
04/15/2020,10 12 33 36 41,2
04/15/2017,5 22 26 45 61,13
04/15/2015,1 16 21 29 40,30
04/15/2009,16 22 26 27 59,5
04/15/2006,13 18 23 28 46,33
04/15/2000,15 26 28 40 48,9
04/15/1998,8 24 25 39 41,21
04/15/1995,7 19 21 22 31,24
04/14/2018,17 19 26 61 62,15
04/14/2012,14 15 16 19 24,2
04/14/2010,6 14 32 38 52,20
04/14/2007,12 21 36 38 49,18
04/14/2004,1 6 20 22 38,22
04/14/2001,3 8 16 29 30,4
04/14/1999,10 12 19 25 40,33
04/14/1993,6 7 17 29 33,21
04/13/2019,4 17 26 32 49,10
04/13/2016,30 33 35 38 64,22
04/13/2013,10 12 31 56 57,33
04/13/2011,4 23 39 49 50,39
04/13/2005,6 13 37 51 52,25
04/13/2002,16 22 32 33 38,13
04/13/1996,12 16 22 26 39,29
04/13/1994,6 14 17 22 45,35
04/12/2017,8 14 61 63 68,24
04/12/2014,14 26 45 54 55,20
04/12/2008,11 29 48 52 55,36
04/12/2006,16 26 34 35 41,24
04/12/2003,17 27 28 35 52,2
04/12/2000,4 6 20 25 31,6
04/12/1997,9 10 21 28 29,6
04/12/1995,4 7 13 27 35,29
04/11/2020,22 29 30 42 47,17
04/11/2018,16 18 27 55 67,18
04/11/2015,1 12 32 42 58,12
04/11/2012,16 23 42 44 47,2
04/11/2009,7 28 35 46 49,20
04/11/2007,6 15 38 42 51,18
04/11/2001,4 21 32 39 41,31
04/11/1998,5 15 36 48 49,11
04/10/2019,12 21 23 39 67,6
04/10/2013,1 36 40 52 53,20
04/10/2010,21 22 49 52 58,34
04/10/2004,2 9 30 47 48,40
04/10/2002,7 12 17 29 48,21
04/10/1999,3 24 34 42 45,1
04/10/1996,2 10 23 31 37,40
04/10/1993,23 24 30 36 39,34
04/09/2016,14 22 23 41 61,9
04/09/2014,9 14 44 48 49,29
04/09/2011,5 14 32 53 56,11
04/09/2008,3 13 19 32 46,18
04/09/2005,1 11 35 46 53,29
04/09/2003,6 28 35 38 51,41
04/09/1997,17 36 42 43 45,16
04/09/1994,2 4 11 39 42,26
04/08/2020,2 37 39 48 54,5
04/08/2017,23 36 51 53 60,15
04/08/2015,1 19 45 46 58,29
04/08/2009,1 6 48 52 56,9
04/08/2006,4 23 35 43 44,35
04/08/2000,4 9 12 33 48,18
04/08/1998,3 10 24 30 49,35
04/08/1995,5 20 24 33 42,7
04/07/2018,2 17 20 38 39,20
04/07/2012,5 13 17 20 30,18
04/07/2010,4 36 40 44 52,33
04/07/2007,2 28 31 54 55,23
04/07/2004,2 7 16 35 37,10
04/07/2001,18 20 31 37 41,1
04/07/1999,5 26 31 37 39,42
04/07/1993,7 19 33 36 43,23
04/06/2019,15 33 43 59 60,8
04/06/2016,4 28 49 60 65,25
04/06/2013,4 7 8 29 39,24
04/06/2011,10 18 41 55 56,15
04/06/2005,5 11 14 22 51,17
04/06/2002,15 16 22 30 35,20
04/06/1996,6 10 15 38 41,24
04/06/1994,7 10 24 26 31,34
04/05/2017,8 20 46 53 54,13
04/05/2014,11 21 26 33 34,29
04/05/2008,12 27 30 37 47,26
04/05/2006,3 9 24 29 39,42
04/05/2003,7 14 23 46 49,20
04/05/2000,6 8 11 18 39,40
04/05/1997,7 8 10 11 21,19
04/05/1995,3 10 19 23 29,26
04/04/2020,8 31 39 40 43,4
04/04/2018,8 24 42 54 64,24
04/04/2015,33 39 40 41 54,28
04/04/2012,1 24 33 45 49,6
04/04/2009,14 21 50 57 58,7
04/04/2007,19 30 39 40 53,16
04/04/2001,5 12 13 16 43,11
04/04/1998,3 8 23 43 46,13
04/03/2019,16 19 25 32 49,18
04/03/2013,1 6 8 12 35,3
04/03/2010,10 15 31 52 59,4
04/03/2004,6 7 26 32 43,13
04/03/2002,8 14 17 29 36,3
04/03/1999,1 4 10 17 30,6
04/03/1996,15 16 32 38 42,9
04/03/1993,15 22 24 32 39,18
04/02/2016,9 28 30 40 61,3
04/02/2014,8 13 19 22 53,24
04/02/2011,6 22 34 43 45,23
04/02/2008,1 34 37 44 55,33
04/02/2005,5 9 11 17 46,39
04/02/2003,12 17 35 47 50,13
04/02/1997,4 6 13 33 40,17
04/02/1994,6 15 27 31 34,26
04/01/2020,33 35 45 48 60,16
04/01/2017,9 32 36 44 65,1
04/01/2015,2 30 33 39 44,1
04/01/2009,2 9 33 41 54,14
04/01/2006,1 10 23 50 55,29
04/01/2000,3 4 13 29 38,21
04/01/1998,11 12 33 34 47,39
04/01/1995,5 11 25 28 34,36
03/31/2018,8 24 52 55 61,21
03/31/2012,5 14 36 54 58,27
03/31/2010,5 13 17 45 54,12
03/31/2007,2 5 16 36 40,36
03/31/2004,15 31 34 39 50,35
03/31/2001,11 27 37 39 41,42
03/31/1999,3 15 16 28 39,1
03/31/1993,1 12 19 39 41,13
03/30/2019,21 52 54 64 68,4
03/30/2016,24 44 53 55 63,19
03/30/2013,11 23 26 46 55,27
03/30/2011,19 20 42 56 58,37
03/30/2005,22 28 32 33 39,42
03/30/2002,8 13 16 19 29,37
03/30/1996,10 13 32 35 38,37
03/30/1994,1 2 12 17 22,36
03/29/2017,8 15 31 36 62,11
03/29/2014,2 3 12 27 38,17
03/29/2008,18 20 25 31 36,7
03/29/2006,2 14 24 28 54,13
03/29/2003,2 9 17 25 36,8
03/29/2000,12 32 37 40 49,37
03/29/1997,3 23 29 35 42,25
03/29/1995,2 9 19 24 28,33
03/28/2020,7 40 48 55 66,11
03/28/2018,6 8 26 52 53,21
03/28/2015,2 4 6 12 38,17
03/28/2012,11 16 29 50 58,33
03/28/2009,2 3 16 41 48,19
03/28/2007,6 20 35 37 47,1
03/28/2001,4 12 27 31 43,20
03/28/1998,27 30 33 38 44,15
03/27/2019,16 20 37 44 62,12
03/27/2013,7 37 43 48 52,16
03/27/2010,7 21 32 44 52,10
03/27/2004,2 15 17 30 34,32
03/27/2002,15 35 40 43 46,33
03/27/1999,5 12 13 45 48,35
03/27/1996,1 6 17 30 39,44
03/27/1993,2 3 13 14 17,26
03/26/2016,11 23 42 52 68,6
03/26/2014,28 33 41 44 59,21
03/26/2011,4 10 11 19 33,27
03/26/2008,9 12 20 37 49,17
03/26/2005,9 12 35 41 51,36
03/26/2003,10 28 31 40 52,41
03/26/1997,4 15 19 26 32,33
03/26/1994,1 3 10 24 25,14
03/25/2020,5 9 27 39 42,16
03/25/2017,18 31 32 45 48,16
03/25/2015,7 19 23 50 54,14
03/25/2009,10 20 23 47 54,26
03/25/2006,20 34 37 39 45,32
03/25/2000,6 30 43 45 48,32
03/25/1998,5 23 35 42 44,29
03/25/1995,3 9 15 23 28,3
03/24/2018,10 33 45 53 56,24
03/24/2012,1 15 35 37 47,8
03/24/2010,14 20 24 39 49,7
03/24/2007,10 38 40 48 53,3
03/24/2004,18 20 39 43 47,31
03/24/2001,2 28 37 40 49,22
03/24/1999,7 19 20 26 27,12
03/24/1993,3 13 25 41 44,42
03/23/2019,24 25 52 60 66,5
03/23/2016,5 8 15 22 49,25
03/23/2013,17 29 31 52 53,31
03/23/2011,5 15 26 28 32,9
03/23/2005,23 29 37 40 45,38
03/23/2002,1 2 10 39 48,13
03/23/1996,12 17 22 37 42,30
03/23/1994,3 22 27 34 40,15
03/22/2017,2 9 27 29 42,9
03/22/2014,13 28 31 55 58,15
03/22/2008,7 25 28 46 48,19
03/22/2006,18 22 23 38 45,31
03/22/2003,5 29 31 47 49,25
03/22/2000,3 12 30 41 46,32
03/22/1997,5 18 19 21 29,19
03/22/1995,6 10 12 25 35,15
03/21/2020,2 23 40 59 69,13
03/21/2018,3 4 18 29 61,25
03/21/2015,11 16 30 38 42,7
03/21/2012,32 43 53 55 56,6
03/21/2009,19 23 27 49 52,21
03/21/2007,16 24 38 53 54,5
03/21/2001,13 14 18 20 21,16
03/21/1998,4 34 35 38 47,16
03/20/2019,10 14 50 53 63,21
03/20/2013,13 14 17 43 54,15
03/20/2010,9 36 39 44 45,9
03/20/2004,2 14 24 27 44,6
03/20/2002,4 20 25 30 49,37
03/20/1999,4 20 22 40 41,7
03/20/1996,11 14 17 26 42,35
03/20/1993,12 14 25 32 41,38
03/19/2016,11 23 43 54 60,3
03/19/2014,2 19 23 34 43,14
03/19/2011,3 11 20 27 46,8
03/19/2008,6 8 29 41 49,42
03/19/2005,1 21 28 32 41,9
03/19/2003,19 37 40 47 51,40
03/19/1997,3 6 7 37 42,19
03/19/1994,1 6 33 42 43,37
03/18/2020,15 27 44 59 63,8
03/18/2017,13 25 44 54 67,5
03/18/2015,14 25 30 33 47,8
03/18/2009,16 26 29 41 45,1
03/18/2006,1 25 34 36 42,19
03/18/2000,12 30 39 43 46,10
03/18/1998,2 4 33 39 41,26
03/18/1995,1 19 32 33 43,42
03/17/2018,22 57 59 60 66,7
03/17/2012,11 14 49 55 58,30
03/17/2010,24 26 45 48 55,8
03/17/2007,7 17 44 47 54,3
03/17/2004,7 15 20 24 43,5
03/17/2001,15 16 18 20 36,18
03/17/1999,9 15 31 37 40,9
03/17/1993,9 26 32 40 41,11
03/16/2019,30 34 39 53 67,11
03/16/2016,10 12 13 46 50,21
03/16/2013,3 7 21 44 53,16
03/16/2011,28 39 40 48 53,9
03/16/2005,11 19 25 38 50,35
03/16/2002,10 16 37 38 45,14
03/16/1996,10 25 36 39 40,10
03/16/1994,8 19 20 35 42,35
03/15/2017,16 30 41 48 53,16
03/15/2014,2 5 34 51 58,9
03/15/2008,6 22 42 43 47,16
03/15/2006,7 12 36 48 54,37
03/15/2003,12 30 41 45 52,35
03/15/2000,14 15 19 38 44,20
03/15/1997,4 7 20 25 31,42
03/15/1995,11 23 26 34 42,21
03/14/2020,9 23 26 30 32,8
03/14/2018,6 12 24 41 68,9
03/14/2015,8 14 39 46 47,18
03/14/2012,1 8 41 46 59,24
03/14/2009,7 30 33 44 51,10
03/14/2007,4 27 30 39 44,18
03/14/2001,12 22 27 42 49,34
03/14/1998,15 34 35 42 47,15
03/13/2019,18 36 45 47 69,14
03/13/2013,5 9 28 32 38,29
03/13/2010,6 16 20 31 36,8
03/13/2004,11 44 45 48 50,2
03/13/2002,4 27 28 33 49,39
03/13/1999,8 11 42 44 49,39
03/13/1996,15 18 23 32 43,6
03/13/1993,2 11 21 35 38,29
03/12/2016,11 28 50 57 62,23
03/12/2014,14 15 28 37 54,10
03/12/2011,1 4 12 41 47,3
03/12/2008,12 19 30 34 36,8
03/12/2005,7 23 40 46 52,41
03/12/2003,5 24 25 44 52,20
03/12/1997,1 17 22 30 37,11
03/12/1994,1 18 22 29 33,10
03/11/2020,4 29 49 50 67,2
03/11/2017,1 26 41 50 57,11
03/11/2015,11 24 31 40 44,27
03/11/2009,3 7 13 34 47,30
03/11/2006,16 35 37 52 54,33
03/11/2000,2 11 23 28 31,39
03/11/1998,2 5 17 24 36,20
03/11/1995,1 3 9 17 40,34
03/10/2018,43 44 54 61 69,22
03/10/2012,5 14 17 20 41,5
03/10/2010,17 21 37 41 50,1
03/10/2007,14 18 34 42 43,32
03/10/2004,10 20 22 41 49,6
03/10/2001,12 19 26 30 33,11
03/10/1999,1 14 26 34 49,15
03/10/1993,5 11 27 29 42,12
03/09/2019,5 6 45 55 59,14
03/09/2016,14 23 32 34 68,3
03/09/2013,10 37 40 46 52,12
03/09/2011,12 20 28 40 48,8
03/09/2005,10 17 20 23 45,31
03/09/2002,2 12 38 44 49,19
03/09/1996,1 19 31 35 44,3
03/09/1994,22 28 33 44 45,26
03/08/2017,23 33 42 46 59,4
03/08/2014,10 14 24 32 41,30
03/08/2008,17 29 31 34 49,16
03/08/2006,1 5 7 21 43,20
03/08/2003,1 5 20 21 45,24
03/08/2000,11 14 17 25 36,38
03/08/1997,9 12 21 31 36,22
03/08/1995,15 32 36 39 45,8
03/07/2020,7 15 21 33 62,23
03/07/2018,6 13 19 36 51,18
03/07/2015,34 36 38 42 50,33
03/07/2012,12 35 45 46 47,12
03/07/2009,21 27 28 56 59,21
03/07/2007,13 16 18 19 46,36
03/07/2001,9 23 32 40 45,31
03/07/1998,21 30 32 36 42,33
03/06/2019,6 10 21 35 46,23
03/06/2013,6 10 23 41 45,1
03/06/2010,10 29 33 41 59,15
03/06/2004,9 17 46 49 51,9
03/06/2002,5 7 15 30 38,2
03/06/1999,13 19 20 25 42,13
03/06/1996,1 5 7 13 40,42
03/06/1993,5 15 21 25 41,34
03/05/2016,3 27 34 59 69,19
03/05/2014,3 7 9 26 54,19
03/05/2011,2 23 31 42 48,21
03/05/2008,10 15 16 23 31,5
03/05/2005,9 13 27 40 53,28
03/05/2003,2 24 28 37 44,6
03/05/1997,21 29 31 32 43,28
03/05/1994,6 10 20 42 45,22
03/04/2020,18 43 58 60 68,14
03/04/2017,2 18 19 22 63,19
03/04/2015,8 12 15 35 50,32
03/04/2009,1 6 44 49 55,36
03/04/2006,13 22 27 52 55,26
03/04/2000,3 6 8 43 48,1
03/04/1998,3 19 30 33 39,9
03/04/1995,8 23 32 36 41,40
03/03/2018,13 17 25 36 40,5
03/03/2012,29 30 45 47 49,35
03/03/2010,7 9 14 45 49,23
03/03/2007,1 5 16 22 48,6
03/03/2004,5 11 17 23 53,34
03/03/2001,8 9 23 36 44,15
03/03/1999,1 8 12 42 44,13
03/03/1993,5 9 15 16 26,44
03/02/2019,1 19 25 27 68,21
03/02/2016,12 13 44 52 62,6
03/02/2013,3 8 13 41 56,16
03/02/2011,7 31 50 51 58,6
03/02/2005,3 10 18 46 48,8
03/02/2002,6 22 25 36 46,34
03/02/1996,2 3 24 38 41,7
03/02/1994,4 8 24 37 43,20
03/01/2017,10 16 40 52 55,17
03/01/2014,3 8 25 30 47,13
03/01/2008,2 19 21 31 55,19
03/01/2006,10 25 35 38 41,23
03/01/2003,6 7 27 28 41,3
03/01/2000,21 22 29 30 38,39
03/01/1997,7 10 22 34 41,12
03/01/1995,16 19 20 21 35,33
02/29/2020,24 44 46 50 51,13
02/29/2012,1 4 11 23 26,14
02/28/2018,12 30 59 65 69,16
02/28/2015,11 17 25 28 46,12
02/28/2009,3 16 20 42 58,7
02/28/2007,13 20 41 42 53,2
02/28/2004,6 25 26 52 53,40
02/28/2001,1 3 9 46 47,22
02/28/1998,4 26 41 45 49,6
02/28/1996,22 30 34 44 45,37
02/27/2019,21 31 42 49 59,23
02/27/2016,10 11 21 22 53,18
02/27/2013,3 14 20 34 48,21
02/27/2010,18 47 51 53 58,30
02/27/2008,20 24 37 48 53,11
02/27/2002,1 2 6 19 45,27
02/27/1999,13 20 30 32 46,36
02/27/1993,1 4 16 35 38,27
02/26/2025,28 48 55 60 62,20
02/26/2020,8 27 29 36 47,24
02/26/2014,11 12 17 38 42,2
02/26/2011,4 13 17 21 45,10
02/26/2005,8 22 30 33 49,6
02/26/2003,10 23 27 31 34,11
02/26/2000,7 9 23 37 49,7
02/26/1997,4 8 9 11 44,6
02/26/1994,6 9 11 19 23,22
02/25/2017,6 32 47 62 65,19
02/25/2015,17 19 21 32 39,8
02/25/2012,6 11 42 53 54,7
02/25/2009,17 32 42 49 56,11
02/25/2006,3 37 46 48 51,22
02/25/2004,4 5 11 17 47,35
02/25/1998,2 20 30 43 46,19
02/25/1995,6 7 9 14 31,26
02/24/2018,24 25 38 62 63,6
02/24/2016,21 31 64 65 67,5
02/24/2010,4 17 35 50 57,12
02/24/2007,36 38 42 54 55,24
02/24/2001,29 30 34 41 49,37
02/24/1999,8 15 29 40 46,23
02/24/1996,2 27 29 33 40,42
02/24/1993,16 24 32 35 42,45
02/23/2019,4 6 14 20 32,13
02/23/2013,2 5 31 39 41,29
02/23/2011,29 32 36 39 49,29
02/23/2008,8 13 23 29 47,32
02/23/2005,4 10 15 48 51,13
02/23/2002,8 15 19 21 38,33
02/23/2000,12 16 20 26 32,35
02/23/1994,7 27 40 43 44,4
02/22/2020,25 37 39 61 62,11
02/22/2017,10 13 28 52 61,2
02/22/2014,2 3 13 14 54,4
02/22/2012,7 16 17 39 51,32
02/22/2006,9 23 47 53 55,39
02/22/2003,2 5 6 9 10,26
02/22/1997,17 35 37 38 40,37
02/22/1995,32 40 43 44 45,18
02/21/2018,7 15 31 34 36,8
02/21/2015,10 14 18 34 51,26
02/21/2009,13 31 41 45 46,21
02/21/2007,2 8 22 29 37,3
02/21/2004,15 22 26 48 53,14
02/21/2001,4 10 32 39 45,25
02/21/1998,9 22 29 39 47,25
02/21/1996,5 9 21 35 38,16
02/20/2019,27 49 50 51 52,2
02/20/2016,11 12 15 16 54,25
02/20/2013,3 17 19 25 32,17
02/20/2010,13 27 37 41 54,32
02/20/2008,9 12 20 22 36,31
02/20/2002,8 9 19 22 25,11
02/20/1999,6 15 16 24 39,12
02/20/1993,10 28 32 38 41,38
02/19/2020,10 12 15 19 56,19
02/19/2014,1 17 35 49 54,34
02/19/2011,3 12 34 37 42,36
02/19/2005,12 15 18 27 52,36
02/19/2003,6 11 16 17 44,26
02/19/2000,14 23 24 45 48,21
02/19/1997,7 8 21 23 38,28
02/19/1994,8 10 12 17 24,33
02/18/2017,3 7 9 31 33,20
02/18/2015,1 9 29 32 49,22
02/18/2012,23 28 50 56 59,5
02/18/2009,2 15 39 44 56,15
02/18/2006,15 17 43 44 48,29
02/18/2004,4 24 36 44 50,2
02/18/1998,1 21 28 29 33,15
02/18/1995,1 2 27 32 33,12
02/17/2018,13 26 39 44 62,2
02/17/2016,7 17 27 29 40,25
02/17/2010,7 8 19 26 36,15
02/17/2007,1 15 35 37 45,32
02/17/2001,4 22 31 39 41,6
02/17/1999,10 21 22 25 36,39
02/17/1996,1 7 15 35 44,44
02/17/1993,1 6 16 22 26,32
02/16/2019,29 30 41 48 64,1
02/16/2013,15 16 46 50 58,29
02/16/2011,9 13 21 23 48,24
02/16/2008,3 4 8 20 49,18
02/16/2005,21 25 27 41 48,25
02/16/2002,19 31 32 42 45,6
02/16/2000,9 10 12 31 41,37
02/16/1994,8 18 20 38 40,10
02/15/2020,16 32 35 36 46,3
02/15/2017,5 28 33 38 42,19
02/15/2014,2 9 14 21 23,3
02/15/2012,11 12 32 52 56,11
02/15/2006,3 13 35 39 40,37
02/15/2003,1 26 29 38 42,30
02/15/1997,13 14 26 38 43,7
02/15/1995,9 10 27 34 36,40
02/14/2018,37 39 44 46 69,26
02/14/2015,1 24 44 45 51,28
02/14/2009,2 8 9 33 45,5
02/14/2007,3 26 30 54 55,15
02/14/2004,10 24 25 35 43,32
02/14/2001,5 18 29 41 42,16
02/14/1998,5 7 23 39 41,6
02/14/1996,4 8 15 16 25,35
02/13/2019,2 8 14 24 69,26
02/13/2016,7 15 18 19 36,20
02/13/2013,12 23 25 27 43,29
02/13/2010,10 14 30 40 51,1
02/13/2008,13 19 32 38 51,30
02/13/2002,2 10 33 38 43,19
02/13/1999,4 9 18 27 35,11
02/13/1993,5 7 11 24 28,22
02/12/2020,14 47 54 55 68,25
02/12/2014,36 44 49 52 57,1
02/12/2011,11 32 36 48 52,19
02/12/2005,18 21 28 49 50,16
02/12/2003,7 12 19 47 49,6
02/12/2000,21 24 37 44 45,24
02/12/1997,12 16 28 29 36,37
02/12/1994,1 13 21 31 33,24
02/11/2017,5 9 17 37 64,2
02/11/2015,11 13 25 39 54,19
02/11/2012,1 10 37 52 57,11
02/11/2009,5 10 22 45 49,37
02/11/2006,7 38 40 51 52,14
02/11/2004,5 16 28 50 52,4
02/11/1998,25 33 34 35 37,35
02/11/1995,4 14 15 28 44,17
02/10/2018,1 13 27 41 59,20
02/10/2016,2 3 40 50 62,5
02/10/2010,5 8 29 37 38,34
02/10/2007,2 11 16 41 42,16
02/10/2001,16 38 41 46 47,25
02/10/1999,10 20 27 31 42,26
02/10/1996,15 19 20 33 35,15
02/10/1993,4 15 16 26 28,33
02/09/2019,1 2 3 7 39,25
02/09/2013,5 6 16 36 58,3
02/09/2011,7 11 39 42 51,30
02/09/2008,4 23 24 30 43,28
02/09/2005,9 10 15 18 29,9
02/09/2002,17 21 30 35 36,12
02/09/2000,5 29 36 40 49,30
02/09/1994,6 11 17 41 43,24
02/08/2020,35 49 50 59 66,6
02/08/2017,14 20 42 49 66,5
02/08/2014,24 25 34 37 54,29
02/08/2012,17 28 38 39 51,33
02/08/2006,14 25 32 48 54,10
02/08/2003,2 13 20 21 23,35
02/08/1997,22 23 24 29 35,29
02/08/1995,2 13 14 26 39,6
02/07/2018,23 34 35 40 47,10
02/07/2015,5 10 21 34 58,33
02/07/2009,5 18 20 28 53,27
02/07/2007,4 22 28 37 52,10
02/07/2004,31 34 35 39 46,3
02/07/2001,4 6 7 31 33,20
02/07/1998,5 12 15 27 40,14
02/07/1996,6 32 38 39 40,8
02/06/2019,5 13 28 38 63,21
02/06/2016,4 13 31 36 52,8
02/06/2013,5 27 36 38 41,12
02/06/2010,14 22 52 54 59,4
02/06/2008,3 5 12 42 43,5
02/06/2002,10 24 28 34 35,32
02/06/1999,15 25 32 39 48,32
02/06/1993,19 23 25 31 41,37
02/05/2020,23 30 35 41 57,2
02/05/2014,8 17 32 57 59,24
02/05/2011,15 37 41 56 59,5
02/05/2005,11 34 37 44 47,23
02/05/2003,2 5 7 9 48,32
02/05/2000,6 11 34 41 44,20
02/05/1997,2 8 18 37 45,42
02/05/1994,11 19 23 24 35,44
02/04/2017,6 13 16 17 52,25
02/04/2015,24 36 51 52 56,22
02/04/2012,15 23 43 45 56,7
02/04/2009,7 24 30 32 44,18
02/04/2006,4 12 13 30 38,30
02/04/2004,7 12 17 25 32,33
02/04/1998,8 12 21 25 30,20
02/04/1995,10 15 18 26 33,6
02/03/2018,15 23 27 48 53,6
02/03/2016,26 28 31 60 67,23
02/03/2010,17 22 36 37 52,24
02/03/2007,12 13 20 33 42,37
02/03/2001,21 27 29 41 44,9
02/03/1999,20 26 30 39 42,32
02/03/1996,10 16 18 39 45,38
02/03/1993,11 29 40 41 43,5
02/02/2019,10 17 18 43 65,13
02/02/2013,11 16 33 40 41,34
02/02/2011,3 14 33 53 57,36
02/02/2008,14 16 25 26 44,30
02/02/2005,10 11 16 40 44,2
02/02/2002,12 19 27 43 45,28
02/02/2000,6 10 12 16 29,33
02/02/1994,3 8 11 27 37,7
02/01/2020,12 33 54 57 60,13
02/01/2017,9 43 57 60 64,10
02/01/2014,5 12 15 27 38,7
02/01/2012,8 13 17 34 59,35
02/01/2006,11 13 30 35 55,37
02/01/2003,2 11 16 21 39,42
02/01/1997,3 16 38 39 40,8
02/01/1995,11 23 31 34 36,5
01/31/2018,4 7 14 46 59,22
01/31/2015,5 11 16 26 50,34
01/31/2009,1 14 26 33 41,37
01/31/2007,2 15 25 42 48,14
01/31/2004,3 6 27 37 41,38
01/31/2001,15 21 27 37 47,16
01/31/1998,7 11 13 36 48,18
01/31/1996,1 4 16 38 45,35
01/30/2019,2 12 16 29 54,6
01/30/2016,5 12 16 31 43,18
01/30/2013,14 16 32 47 52,16
01/30/2010,6 26 35 47 48,21
01/30/2008,2 17 41 54 55,17
01/30/2002,7 9 15 21 40,18
01/30/1999,19 24 25 40 45,5
01/30/1993,1 10 27 40 45,17
01/29/2020,9 12 15 31 60,2
01/29/2014,11 23 28 32 47,20
01/29/2011,24 28 45 49 52,2
01/29/2005,11 16 20 29 41,12
01/29/2003,10 12 27 30 53,28
01/29/2000,6 8 28 32 47,26
01/29/1997,1 4 26 28 37,9
01/29/1994,2 8 27 40 41,22
01/28/2017,12 20 39 49 69,17
01/28/2015,12 24 35 36 49,1
01/28/2012,5 33 41 54 59,13
01/28/2009,5 10 18 23 32,4
01/28/2006,14 15 26 28 36,36
01/28/2004,8 13 17 39 48,34
01/28/1998,15 23 31 36 48,12
01/28/1995,14 25 29 39 43,1
01/27/2018,17 21 26 47 54,7
01/27/2016,3 12 40 52 67,21
01/27/2010,6 15 20 26 31,9
01/27/2007,10 19 26 27 32,14
01/27/2001,8 19 32 41 45,37
01/27/1999,2 4 20 23 44,22
01/27/1996,8 10 22 27 38,20
01/27/1993,14 17 18 34 38,32
01/26/2019,8 12 20 21 32,10
01/26/2013,3 22 26 41 49,18
01/26/2011,4 5 36 47 58,6
01/26/2008,11 35 39 53 54,24
01/26/2005,5 32 43 47 48,33
01/26/2002,5 14 15 22 30,31
01/26/2000,18 25 30 43 46,18
01/26/1994,3 15 22 27 34,8
01/25/2020,2 9 17 36 67,18
01/25/2017,18 28 62 66 68,22
01/25/2014,8 12 18 55 57,2
01/25/2012,4 19 28 29 47,5
01/25/2006,10 37 43 50 52,14
01/25/2003,10 12 15 49 51,21
01/25/1997,2 6 38 42 45,27
01/25/1995,8 18 26 27 30,12
01/24/2018,5 9 11 33 64,21
01/24/2015,16 19 20 29 33,10
01/24/2009,6 20 25 37 42,25
01/24/2007,9 19 29 42 53,17
01/24/2004,1 5 37 38 53,31
01/24/2001,31 34 39 42 49,26
01/24/1998,7 15 23 28 36,10
01/24/1996,1 24 30 36 42,7
01/23/2019,23 25 47 48 50,24
01/23/2016,22 32 34 40 69,19
01/23/2013,11 12 24 43 45,9
01/23/2010,15 16 20 42 53,17
01/23/2008,4 16 35 47 48,39
01/23/2002,14 18 30 32 47,36
01/23/1999,3 19 26 30 49,31
01/23/1993,8 12 15 30 33,9
01/22/2020,11 33 44 59 67,8
01/22/2014,1 2 7 9 55,29
01/22/2011,30 31 34 45 51,23
01/22/2005,11 23 32 33 34,38
01/22/2003,20 28 30 40 43,3
01/22/2000,4 16 32 34 41,25
01/22/1997,3 11 12 29 41,35
01/22/1994,8 15 22 25 33,5
01/21/2017,23 25 45 52 67,2
01/21/2015,11 12 15 28 57,23
01/21/2012,12 24 43 44 45,7
01/21/2009,20 26 38 46 54,23
01/21/2006,3 18 39 43 54,41
01/21/2004,13 17 34 41 45,17
01/21/1998,1 23 26 31 32,33
01/21/1995,4 5 7 8 41,44
01/20/2018,26 28 47 49 58,3
01/20/2016,5 39 44 47 69,24
01/20/2010,15 32 43 44 46,19
01/20/2007,1 5 26 32 38,30
01/20/2001,1 11 25 29 36,40
01/20/1999,2 12 19 40 48,27
01/20/1996,12 21 25 32 34,4
01/20/1993,8 27 31 33 42,20
01/19/2019,5 8 41 65 66,20
01/19/2013,8 28 29 34 38,35
01/19/2011,22 36 51 56 59,32
01/19/2008,20 23 25 27 28,2
01/19/2005,9 18 32 33 49,27
01/19/2002,21 23 35 41 49,5
01/19/2000,12 31 35 37 44,34
01/19/1994,7 18 33 44 45,36
01/18/2020,20 24 38 56 68,18
01/18/2017,9 40 41 53 58,12
01/18/2014,13 14 19 31 38,25
01/18/2012,6 29 34 44 50,28
01/18/2006,15 29 38 52 53,7
01/18/2003,4 17 34 48 52,10
01/18/1997,19 27 30 35 40,34
01/18/1995,17 19 28 32 38,5
01/17/2018,3 33 37 51 57,21
01/17/2015,15 16 23 27 36,9
01/17/2009,2 5 9 23 59,26
01/17/2007,16 35 49 50 52,31
01/17/2004,8 9 32 45 48,15
01/17/2001,9 16 28 31 48,36
01/17/1998,9 28 29 38 49,6
01/17/1996,1 11 14 17 33,34
01/16/2019,14 29 31 56 61,1
01/16/2016,3 51 52 61 64,6
01/16/2013,9 21 28 32 51,35
01/16/2010,7 8 23 41 55,23
01/16/2008,9 18 19 38 47,11
01/16/2002,24 31 34 40 47,30
01/16/1999,2 15 20 28 40,15
01/16/1993,5 7 8 25 28,13
01/15/2020,39 41 53 55 68,19
01/15/2014,7 8 9 24 29,25
01/15/2011,9 13 22 23 37,31
01/15/2005,21 26 37 49 51,25
01/15/2003,4 17 30 42 44,15
01/15/2000,1 6 21 33 40,28
01/15/1997,15 27 34 39 44,18
01/15/1994,8 10 18 41 45,25
01/14/2017,23 55 59 64 69,13
01/14/2015,2 4 10 41 53,22
01/14/2012,10 30 36 38 41,1
01/14/2009,8 25 34 39 46,34
01/14/2006,6 14 40 46 49,17
01/14/2004,12 33 40 44 50,40
01/14/1998,6 9 16 28 38,13
01/14/1995,1 32 33 38 42,14
01/13/2018,14 25 35 58 69,24
01/13/2016,4 8 19 27 34,10
01/13/2010,8 11 15 32 50,27
01/13/2007,1 21 23 25 26,4
01/13/2001,14 19 23 29 42,26
01/13/1999,15 31 33 43 47,6
01/13/1996,8 13 32 33 39,4
01/13/1993,2 3 11 37 45,29
01/12/2019,7 36 48 57 58,24
01/12/2013,10 14 21 23 47,7
01/12/2011,19 21 23 40 48,27
01/12/2008,23 39 43 47 53,14
01/12/2005,21 23 27 38 50,38
01/12/2002,13 19 22 41 47,5
01/12/2000,9 32 38 41 44,27
01/12/1994,2 4 6 15 34,20
01/11/2020,3 21 23 31 59,3
01/11/2017,1 3 13 16 43,24
01/11/2014,10 15 33 48 54,34
01/11/2012,5 19 29 45 47,25
01/11/2006,3 6 14 17 18,14
01/11/2003,9 45 46 48 51,2
01/11/1997,2 18 26 29 42,7
01/11/1995,14 15 25 30 35,13
01/10/2018,7 24 33 49 50,4
01/10/2015,2 9 19 28 29,19
01/10/2009,8 10 18 43 56,9
01/10/2007,36 42 45 53 54,36
01/10/2004,2 13 19 27 50,5
01/10/2001,6 9 22 23 35,6
01/10/1998,7 9 17 20 44,25
01/10/1996,12 15 18 26 35,43
01/09/2019,6 19 37 49 59,22
01/09/2016,16 19 32 34 57,13
01/09/2013,11 13 20 27 59,26
01/09/2010,20 41 44 50 54,22
01/09/2008,2 13 20 21 23,24
01/09/2002,7 39 40 42 43,4
01/09/1999,5 10 11 27 32,13
01/09/1993,5 10 38 40 43,10
01/08/2020,2 4 7 43 56,22
01/08/2014,10 28 39 47 58,22
01/08/2011,6 7 26 33 52,24
01/08/2005,9 11 22 24 43,2
01/08/2003,16 22 26 44 46,20
01/08/2000,7 28 35 40 48,14
01/08/1997,7 14 22 37 45,18
01/08/1994,1 3 17 28 44,40
01/07/2017,3 12 24 37 63,10
01/07/2015,14 15 47 49 59,10
01/07/2012,3 21 24 38 39,24
01/07/2009,23 31 33 38 52,24
01/07/2006,2 16 21 32 43,6
01/07/2004,4 7 14 18 44,25
01/07/1998,3 4 18 30 37,23
01/07/1995,14 17 27 38 42,21
01/06/2018,12 29 30 33 61,26
01/06/2016,2 11 47 62 63,17
01/06/2010,20 27 29 56 58,31
01/06/2007,1 24 40 49 50,38
01/06/2001,1 22 24 39 43,26
01/06/1999,2 9 13 16 44,36
01/06/1996,19 24 33 36 44,2
01/06/1993,14 20 25 34 42,16
01/05/2019,3 7 15 27 69,19
01/05/2013,26 30 49 51 54,25
01/05/2011,22 26 32 38 40,7
01/05/2008,4 11 16 33 40,9
01/05/2005,4 7 10 30 37,37
01/05/2002,7 8 14 17 32,15
01/05/2000,5 15 16 28 32,39
01/05/1994,4 16 25 37 41,36
01/04/2020,1 11 21 25 54,7
01/04/2017,16 17 29 41 42,4
01/04/2014,19 20 37 41 58,14
01/04/2012,21 35 46 47 50,2
01/04/2006,10 23 42 48 54,3
01/04/2003,1 11 37 39 40,23
01/04/1997,1 12 16 25 29,43
01/04/1995,12 18 19 34 40,17
01/03/2018,2 18 37 39 42,12
01/03/2015,4 18 43 46 55,25
01/03/2009,17 22 24 38 55,24
01/03/2007,10 12 24 35 55,31
01/03/2004,4 5 22 41 42,2
01/03/2001,9 19 29 38 49,20
01/03/1998,4 7 9 27 32,6
01/03/1996,8 13 23 31 38,14
01/02/2019,8 12 42 46 56,12
01/02/2016,5 6 15 29 42,10
01/02/2013,18 20 28 35 53,20
01/02/2010,3 7 23 27 42,37
01/02/2008,2 11 31 34 48,5
01/02/2002,23 36 42 44 46,33
01/02/1999,4 17 23 26 39,27
01/02/1993,9 12 20 27 35,20
01/01/2020,49 53 57 59 62,26
01/01/2014,15 24 40 48 52,23
01/01/2011,18 22 37 47 54,36
01/01/2005,22 23 26 44 47,12
01/01/2003,18 34 42 43 53,17
01/01/2000,9 13 23 36 45,39
01/01/1997,6 13 17 19 42,44
01/01/1994,7 9 27 33 43,1
