Draw_Date,Number_1,Number_2,Number_3,Number_4,Number_5,Powerball,Multiplier,Original_Combination
02/26/2025,28,48,55,60,62,20,2.0,28 48 55 60 62 20
02/24/2025,10,11,34,59,68,14,3.0,10 11 34 59 68 14
02/22/2025,7,18,22,50,65,15,2.0,07 18 22 50 65 15
02/19/2025,6,21,28,49,60,20,2.0,06 21 28 49 60 20
02/17/2025,4,44,47,52,57,9,4.0,04 44 47 52 57 09
02/15/2025,3,16,45,54,56,12,2.0,03 16 45 54 56 12
02/12/2025,21,32,36,45,49,18,2.0,21 32 36 45 49 18
02/10/2025,2,17,18,29,43,3,3.0,02 17 18 29 43 03
02/08/2025,23,44,57,60,62,9,2.0,23 44 57 60 62 09
02/05/2025,19,27,30,50,62,14,3.0,19 27 30 50 62 14
02/03/2025,12,37,47,54,60,17,3.0,12 37 47 54 60 17
02/01/2025,23,29,32,49,61,8,2.0,23 29 32 49 61 08
01/29/2025,8,12,31,33,38,18,3.0,08 12 31 33 38 18
01/27/2025,2,40,47,53,55,20,2.0,02 40 47 53 55 20
01/25/2025,8,15,17,53,66,14,3.0,08 15 17 53 66 14
01/22/2025,5,6,27,40,49,5,2.0,05 06 27 40 49 05
01/20/2025,15,16,32,47,54,6,3.0,15 16 32 47 54 06
01/18/2025,14,31,35,64,69,23,2.0,14 31 35 64 69 23
01/15/2025,8,41,52,53,58,7,3.0,08 41 52 53 58 07
01/13/2025,4,6,16,39,66,9,2.0,04 06 16 39 66 09
01/11/2025,3,6,32,37,65,4,3.0,03 06 32 37 65 04
01/08/2025,1,20,36,38,43,24,2.0,01 20 36 38 43 24
01/06/2025,17,34,46,66,67,14,2.0,17 34 46 66 67 14
01/04/2025,26,32,43,54,56,24,2.0,26 32 43 54 56 24
01/01/2025,6,12,28,35,66,26,3.0,06 12 28 35 66 26
12/30/2024,9,19,33,38,39,1,3.0,09 19 33 38 39 01
12/28/2024,6,31,51,54,55,12,2.0,06 31 51 54 55 12
12/25/2024,15,26,27,30,35,3,3.0,15 26 27 30 35 03
12/23/2024,22,42,44,57,64,18,2.0,22 42 44 57 64 18
12/21/2024,1,12,17,21,58,1,3.0,01 12 17 21 58 01
12/18/2024,6,15,18,33,49,7,2.0,06 15 18 33 49 07
12/16/2024,9,30,33,57,61,17,2.0,09 30 33 57 61 17
12/14/2024,12,17,23,52,67,1,2.0,12 17 23 52 67 01
12/11/2024,13,44,50,52,54,20,2.0,13 44 50 52 54 20
12/09/2024,35,37,40,45,51,24,2.0,35 37 40 45 51 24
12/07/2024,1,31,43,55,57,22,2.0,01 31 43 55 57 22
12/04/2024,1,23,25,28,61,13,2.0,01 23 25 28 61 13
12/02/2024,3,9,26,61,67,13,2.0,03 09 26 61 67 13
11/30/2024,4,24,29,39,63,25,4.0,04 24 29 39 63 25
11/27/2024,1,6,7,13,40,5,5.0,01 06 07 13 40 05
11/25/2024,5,35,45,60,63,12,2.0,05 35 45 60 63 12
11/23/2024,12,13,34,44,67,8,3.0,12 13 34 44 67 08
11/20/2024,16,30,60,62,64,25,3.0,16 30 60 62 64 25
11/18/2024,27,31,41,52,69,26,3.0,27 31 41 52 69 26
11/16/2024,21,22,25,32,38,16,5.0,21 22 25 32 38 16
11/13/2024,9,20,26,43,58,9,2.0,09 20 26 43 58 09
11/11/2024,3,21,24,34,46,9,3.0,03 21 24 34 46 09
11/09/2024,11,24,50,56,66,16,2.0,11 24 50 56 66 16
11/06/2024,12,17,37,58,62,4,2.0,12 17 37 58 62 04
11/04/2024,6,18,33,48,53,21,10.0,06 18 33 48 53 21
11/02/2024,10,45,48,58,61,2,3.0,10 45 48 58 61 02
10/30/2024,13,22,29,43,58,22,3.0,13 22 29 43 58 22
10/28/2024,21,27,32,48,67,17,2.0,21 27 32 48 67 17
10/26/2024,8,12,40,45,51,15,2.0,08 12 40 45 51 15
10/23/2024,2,15,27,29,39,20,2.0,02 15 27 29 39 20
10/21/2024,1,25,57,62,64,15,2.0,01 25 57 62 64 15
10/19/2024,7,16,19,45,64,25,3.0,07 16 19 45 64 25
10/16/2024,4,30,39,44,60,11,2.0,04 30 39 44 60 11
10/14/2024,14,18,33,64,67,14,2.0,14 18 33 64 67 14
10/12/2024,5,14,20,41,57,6,3.0,05 14 20 41 57 06
10/09/2024,25,32,43,53,66,10,3.0,25 32 43 53 66 10
10/07/2024,18,30,31,52,63,22,2.0,18 30 31 52 63 22
10/05/2024,2,12,46,52,65,3,2.0,02 12 46 52 65 03
10/02/2024,1,2,21,37,43,21,3.0,01 02 21 37 43 21
09/30/2024,9,11,30,43,69,20,2.0,09 11 30 43 69 20
09/28/2024,3,11,13,24,39,22,3.0,03 11 13 24 39 22
09/25/2024,2,26,45,46,52,21,2.0,02 26 45 46 52 21
09/23/2024,15,21,25,37,45,19,3.0,15 21 25 37 45 19
09/21/2024,17,19,21,37,45,14,2.0,17 19 21 37 45 14
09/18/2024,1,11,22,47,68,7,4.0,01 11 22 47 68 07
09/16/2024,8,9,11,27,31,17,5.0,08 09 11 27 31 17
09/14/2024,29,34,38,48,56,16,2.0,29 34 38 48 56 16
09/11/2024,10,12,55,65,67,3,3.0,10 12 55 65 67 03
09/09/2024,1,16,21,47,60,5,3.0,01 16 21 47 60 05
09/07/2024,14,34,37,55,63,20,2.0,14 34 37 55 63 20
09/04/2024,7,10,21,33,59,20,3.0,07 10 21 33 59 20
09/02/2024,8,42,46,48,53,22,3.0,08 42 46 48 53 22
08/31/2024,4,34,35,38,69,19,2.0,04 34 35 38 69 19
08/28/2024,5,33,47,50,64,20,2.0,05 33 47 50 64 20
08/26/2024,2,4,23,68,69,15,3.0,02 04 23 68 69 15
08/24/2024,5,15,21,24,43,17,3.0,05 15 21 24 43 17
08/21/2024,27,31,33,38,67,3,2.0,27 31 33 38 67 03
08/19/2024,1,2,15,23,28,10,2.0,01 02 15 23 28 10
08/17/2024,12,31,43,45,46,22,5.0,12 31 43 45 46 22
08/14/2024,8,9,23,29,62,13,2.0,08 09 23 29 62 13
08/12/2024,9,22,57,67,68,14,3.0,09 22 57 67 68 14
08/10/2024,9,24,33,64,69,9,2.0,09 24 33 64 69 09
08/07/2024,6,19,35,47,57,9,3.0,06 19 35 47 57 09
08/05/2024,29,42,44,51,54,12,2.0,29 42 44 51 54 12
08/03/2024,13,33,40,60,61,20,3.0,13 33 40 60 61 20
07/31/2024,23,34,37,50,58,7,2.0,23 34 37 50 58 07
07/29/2024,11,27,30,33,44,16,3.0,11 27 30 33 44 16
07/27/2024,3,31,37,40,64,17,3.0,03 31 37 40 64 17
07/24/2024,16,42,59,63,68,13,2.0,16 42 59 63 68 13
07/22/2024,31,36,56,58,69,20,2.0,31 36 56 58 69 20
07/20/2024,18,25,31,40,57,4,3.0,18 25 31 40 57 04
07/17/2024,24,27,32,47,66,26,2.0,24 27 32 47 66 26
07/15/2024,9,31,39,40,45,23,3.0,09 31 39 40 45 23
07/13/2024,9,55,59,66,69,21,2.0,09 55 59 66 69 21
07/10/2024,7,11,12,27,46,26,3.0,07 11 12 27 46 26
07/08/2024,20,22,31,33,45,1,3.0,20 22 31 33 45 01
07/06/2024,5,32,35,39,49,21,2.0,05 32 35 39 49 21
07/03/2024,2,26,33,55,57,22,2.0,02 26 33 55 57 22
07/01/2024,5,9,32,39,55,9,2.0,05 09 32 39 55 09
06/29/2024,26,51,54,61,69,25,3.0,26 51 54 61 69 25
06/26/2024,4,9,36,47,56,7,5.0,04 09 36 47 56 07
06/24/2024,5,6,36,53,69,8,2.0,05 06 36 53 69 08
06/22/2024,4,5,15,32,62,21,2.0,04 05 15 32 62 21
06/19/2024,4,27,44,50,64,7,3.0,04 27 44 50 64 07
06/17/2024,30,48,53,58,66,9,2.0,30 48 53 58 66 09
06/15/2024,4,36,48,54,56,2,3.0,04 36 48 54 56 02
06/12/2024,19,30,31,61,62,21,2.0,19 30 31 61 62 21
06/10/2024,3,10,33,58,59,9,2.0,03 10 33 58 59 09
06/08/2024,8,38,52,54,64,15,3.0,08 38 52 54 64 15
06/05/2024,8,44,45,51,69,12,3.0,08 44 45 51 69 12
06/03/2024,19,29,35,36,45,16,2.0,19 29 35 36 45 16
06/01/2024,28,38,52,54,68,8,2.0,28 38 52 54 68 08
05/29/2024,17,34,56,60,61,9,2.0,17 34 56 60 61 09
05/27/2024,9,30,39,49,59,21,5.0,09 30 39 49 59 21
05/25/2024,6,33,35,36,64,24,3.0,06 33 35 36 64 24
05/22/2024,5,16,18,26,67,4,3.0,05 16 18 26 67 04
05/20/2024,1,7,48,64,68,5,2.0,01 07 48 64 68 05
05/18/2024,19,36,37,42,59,19,2.0,19 36 37 42 59 19
05/15/2024,19,42,45,55,69,6,2.0,19 42 45 55 69 06
05/13/2024,5,14,29,38,66,1,2.0,05 14 29 38 66 01
05/11/2024,3,6,39,49,67,21,2.0,03 06 39 49 67 21
05/08/2024,7,41,43,44,51,5,2.0,07 41 43 44 51 05
05/06/2024,7,23,24,56,60,25,2.0,07 23 24 56 60 25
05/04/2024,14,20,23,53,69,4,2.0,14 20 23 53 69 04
05/01/2024,1,11,19,21,68,15,2.0,01 11 19 21 68 15
04/29/2024,11,38,47,67,69,14,2.0,11 38 47 67 69 14
04/27/2024,9,30,53,55,62,23,3.0,09 30 53 55 62 23
04/24/2024,2,20,22,26,47,21,4.0,02 20 22 26 47 21
04/22/2024,12,16,33,39,52,1,2.0,12 16 33 39 52 01
04/20/2024,4,35,41,44,58,25,3.0,04 35 41 44 58 25
04/17/2024,24,29,44,47,54,2,2.0,24 29 44 47 54 02
04/15/2024,7,16,41,56,61,23,3.0,07 16 41 56 61 23
04/13/2024,7,33,40,43,69,10,5.0,07 33 40 43 69 10
04/10/2024,6,7,12,24,36,15,2.0,06 07 12 24 36 15
04/08/2024,6,21,23,39,54,23,2.0,06 21 23 39 54 23
04/06/2024,22,27,44,52,69,9,3.0,22 27 44 52 69 09
04/03/2024,11,38,41,62,65,15,3.0,11 38 41 62 65 15
04/01/2024,19,24,40,42,56,23,2.0,19 24 40 42 56 23
03/30/2024,12,13,33,50,52,23,3.0,12 13 33 50 52 23
03/27/2024,37,46,57,60,66,8,2.0,37 46 57 60 66 08
03/25/2024,7,11,19,53,68,23,2.0,07 11 19 53 68 23
03/23/2024,6,23,25,34,51,3,2.0,06 23 25 34 51 03
03/20/2024,13,22,27,54,66,9,2.0,13 22 27 54 66 09
03/18/2024,10,17,20,39,44,16,3.0,10 17 20 39 44 16
03/16/2024,12,23,44,57,61,5,2.0,12 23 44 57 61 05
03/13/2024,21,29,54,59,62,4,2.0,21 29 54 59 62 04
03/11/2024,1,3,7,16,66,5,5.0,01 03 07 16 66 05
03/09/2024,30,36,49,52,63,16,5.0,30 36 49 52 63 16
03/06/2024,6,19,28,44,60,10,2.0,06 19 28 44 60 10
03/04/2024,36,42,50,52,67,26,2.0,36 42 50 52 67 26
03/02/2024,3,18,27,36,53,12,2.0,03 18 27 36 53 12
02/28/2024,16,26,29,38,50,6,2.0,16 26 29 38 50 06
02/26/2024,24,29,42,51,54,16,3.0,24 29 42 51 54 16
02/24/2024,3,8,40,53,58,3,3.0,03 08 40 53 58 03
02/21/2024,4,27,33,41,42,14,2.0,04 27 33 41 42 14
02/19/2024,4,23,45,50,53,17,3.0,04 23 45 50 53 17
02/17/2024,6,28,59,62,69,21,3.0,06 28 59 62 69 21
02/14/2024,1,4,45,47,67,18,2.0,01 04 45 47 67 18
02/12/2024,17,36,43,53,67,14,2.0,17 36 43 53 67 14
02/10/2024,27,28,34,37,44,8,2.0,27 28 34 37 44 08
02/07/2024,12,21,62,67,69,17,3.0,12 21 62 67 69 17
02/05/2024,1,2,27,30,67,9,5.0,01 02 27 30 67 09
02/03/2024,9,11,27,59,66,19,3.0,09 11 27 59 66 19
01/31/2024,15,18,19,41,43,14,2.0,15 18 19 41 43 14
01/29/2024,39,41,43,49,64,4,2.0,39 41 43 49 64 04
01/27/2024,7,38,65,66,68,21,2.0,07 38 65 66 68 21
01/24/2024,1,5,32,50,64,8,4.0,01 05 32 50 64 08
01/22/2024,24,25,43,52,63,21,2.0,24 25 43 52 63 21
01/20/2024,16,31,34,47,65,10,3.0,16 31 34 47 65 10
01/17/2024,18,22,43,61,65,2,4.0,18 22 43 61 65 02
01/15/2024,13,30,35,49,59,4,3.0,13 30 35 49 59 04
01/13/2024,13,31,33,51,58,15,2.0,13 31 33 51 58 15
01/10/2024,25,40,43,48,50,11,2.0,25 40 43 48 50 11
01/08/2024,7,17,28,40,45,2,3.0,07 17 28 40 45 02
01/06/2024,4,31,34,38,61,13,2.0,04 31 34 38 61 13
01/03/2024,30,31,38,48,68,8,10.0,30 31 38 48 68 08
01/01/2024,12,21,42,44,49,1,3.0,12 21 42 44 49 01
12/30/2023,10,11,26,27,34,7,4.0,10 11 26 27 34 07
12/27/2023,4,11,38,51,68,5,3.0,04 11 38 51 68 05
12/25/2023,5,12,20,24,29,4,2.0,05 12 20 24 29 04
12/23/2023,9,14,17,18,53,6,3.0,09 14 17 18 53 06
12/20/2023,27,35,41,56,60,16,2.0,27 35 41 56 60 16
12/18/2023,5,8,19,34,39,26,3.0,05 08 19 34 39 26
12/16/2023,3,9,10,20,62,25,3.0,03 09 10 20 62 25
12/13/2023,3,8,41,56,64,18,2.0,03 08 41 56 64 18
12/11/2023,1,24,27,31,62,20,3.0,01 24 27 31 62 20
12/09/2023,5,25,26,40,60,1,2.0,05 25 26 40 60 01
12/06/2023,2,12,37,56,65,21,3.0,02 12 37 56 65 21
12/04/2023,18,19,27,28,45,9,3.0,18 19 27 28 45 09
12/02/2023,28,35,41,47,60,3,2.0,28 35 41 47 60 03
11/29/2023,6,47,50,61,68,4,2.0,06 47 50 61 68 04
11/27/2023,2,21,38,61,66,12,2.0,02 21 38 61 66 12
11/25/2023,27,33,63,66,68,9,2.0,27 33 63 66 68 09
11/22/2023,20,24,33,39,42,21,2.0,20 24 33 39 42 21
11/20/2023,19,26,30,39,63,13,2.0,19 26 30 39 63 13
11/18/2023,34,50,51,61,67,20,2.0,34 50 51 61 67 20
11/15/2023,3,4,51,53,60,6,3.0,03 04 51 53 60 06
11/13/2023,24,33,35,37,42,21,2.0,24 33 35 37 42 21
11/11/2023,1,12,14,24,57,7,4.0,01 12 14 24 57 07
11/08/2023,14,21,33,39,62,20,2.0,14 21 33 39 62 20
11/06/2023,12,25,40,59,61,26,2.0,12 25 40 59 61 26
11/04/2023,1,28,30,34,52,6,2.0,01 28 30 34 52 06
11/01/2023,22,26,39,47,63,12,3.0,22 26 39 47 63 12
10/30/2023,19,22,34,66,69,5,3.0,19 22 34 66 69 05
10/28/2023,14,24,50,59,64,2,2.0,14 24 50 59 64 02
10/25/2023,25,27,41,53,68,2,2.0,25 27 41 53 68 02
10/23/2023,18,21,25,46,64,21,5.0,18 21 25 46 64 21
10/21/2023,6,15,24,67,68,11,2.0,06 15 24 67 68 11
10/18/2023,1,4,13,35,58,24,2.0,01 04 13 35 58 24
10/16/2023,2,27,31,44,64,18,3.0,02 27 31 44 64 18
10/14/2023,14,16,42,48,64,14,2.0,14 16 42 48 64 14
10/11/2023,22,24,40,52,64,10,2.0,22 24 40 52 64 10
10/09/2023,16,34,46,55,67,14,3.0,16 34 46 55 67 14
10/07/2023,47,54,57,60,65,19,3.0,47 54 57 60 65 19
10/04/2023,9,35,54,63,64,1,2.0,09 35 54 63 64 01
10/02/2023,12,26,27,43,47,5,2.0,12 26 27 43 47 05
09/30/2023,19,30,37,44,46,22,2.0,19 30 37 44 46 22
09/27/2023,1,7,46,47,63,7,3.0,01 07 46 47 63 07
09/25/2023,10,12,22,36,50,4,2.0,10 12 22 36 50 04
09/23/2023,1,12,20,33,66,21,2.0,01 12 20 33 66 21
09/20/2023,16,27,59,62,63,23,3.0,16 27 59 62 63 23
09/18/2023,2,21,26,40,42,9,3.0,02 21 26 40 42 09
09/16/2023,8,11,19,24,46,5,2.0,08 11 19 24 46 05
09/13/2023,22,30,37,44,45,18,3.0,22 30 37 44 45 18
09/11/2023,9,25,27,53,66,5,2.0,09 25 27 53 66 05
09/09/2023,11,19,29,63,68,25,2.0,11 19 29 63 68 25
09/06/2023,9,14,20,23,63,1,3.0,09 14 20 23 63 01
09/04/2023,1,26,32,46,51,13,3.0,01 26 32 46 51 13
09/02/2023,25,38,42,66,67,19,4.0,25 38 42 66 67 19
08/30/2023,4,13,35,61,69,4,2.0,04 13 35 61 69 04
08/28/2023,4,6,25,55,68,26,2.0,04 06 25 55 68 26
08/26/2023,20,22,26,28,63,5,3.0,20 22 26 28 63 05
08/23/2023,25,30,32,33,55,20,2.0,25 30 32 33 55 20
08/21/2023,3,4,12,22,28,16,2.0,03 04 12 22 28 16
08/19/2023,1,25,27,38,62,13,2.0,01 25 27 38 62 13
08/16/2023,9,11,17,19,55,1,2.0,09 11 17 19 55 01
08/14/2023,32,34,37,39,47,3,2.0,32 34 37 39 47 03
08/12/2023,19,21,37,50,65,26,2.0,19 21 37 50 65 26
08/09/2023,10,15,21,67,69,3,2.0,10 15 21 67 69 03
08/07/2023,6,13,20,35,54,22,2.0,06 13 20 35 54 22
08/05/2023,18,42,44,62,65,23,2.0,18 42 44 62 65 23
08/02/2023,23,24,33,51,64,5,2.0,23 24 33 51 64 05
07/31/2023,2,11,48,58,65,13,2.0,02 11 48 58 65 13
07/29/2023,10,25,27,34,38,2,3.0,10 25 27 34 38 02
07/26/2023,3,16,40,48,60,14,2.0,03 16 40 48 60 14
07/24/2023,3,4,12,28,49,25,2.0,03 04 12 28 49 25
07/22/2023,25,27,36,37,63,7,2.0,25 27 36 37 63 07
07/19/2023,7,10,11,13,24,24,2.0,07 10 11 13 24 24
07/17/2023,5,8,9,17,41,21,4.0,05 08 09 17 41 21
07/15/2023,2,9,43,55,57,18,2.0,02 09 43 55 57 18
07/12/2023,23,35,45,66,67,20,3.0,23 35 45 66 67 20
07/10/2023,2,24,34,53,58,13,2.0,02 24 34 53 58 13
07/08/2023,7,23,24,32,43,18,2.0,07 23 24 32 43 18
07/05/2023,17,24,48,62,68,23,2.0,17 24 48 62 68 23
07/03/2023,15,26,31,38,61,3,3.0,15 26 31 38 61 03
07/01/2023,4,17,35,49,61,8,2.0,04 17 35 49 61 08
06/28/2023,19,25,34,57,68,4,5.0,19 25 34 57 68 04
06/26/2023,6,28,39,43,54,12,4.0,06 28 39 43 54 12
06/24/2023,2,38,44,50,62,19,3.0,02 38 44 50 62 19
06/21/2023,5,11,33,35,63,14,2.0,05 11 33 35 63 14
06/19/2023,36,39,52,57,69,1,3.0,36 39 52 57 69 01
06/17/2023,2,12,45,61,64,26,2.0,02 12 45 61 64 26
06/14/2023,3,20,36,42,64,4,2.0,03 20 36 42 64 04
06/12/2023,2,3,16,23,68,7,2.0,02 03 16 23 68 07
06/10/2023,21,32,42,46,50,4,3.0,21 32 42 46 50 04
06/07/2023,16,21,29,53,66,2,5.0,16 21 29 53 66 02
06/05/2023,2,31,45,46,49,20,2.0,02 31 45 46 49 20
06/03/2023,15,45,64,67,68,18,2.0,15 45 64 67 68 18
05/31/2023,2,4,54,61,62,14,3.0,02 04 54 61 62 14
05/29/2023,21,33,35,62,64,24,2.0,21 33 35 62 64 24
05/27/2023,24,38,39,48,56,4,2.0,24 38 39 48 56 04
05/24/2023,12,21,44,50,58,26,3.0,12 21 44 50 58 26
05/22/2023,9,38,48,52,68,25,4.0,09 38 48 52 68 25
05/20/2023,17,23,32,38,63,23,2.0,17 23 32 38 63 23
05/17/2023,18,34,37,45,51,14,2.0,18 34 37 45 51 14
05/15/2023,1,26,28,55,58,25,2.0,01 26 28 55 58 25
05/13/2023,3,15,20,23,46,11,2.0,03 15 20 23 46 11
05/10/2023,21,24,33,55,69,3,10.0,21 24 33 55 69 03
05/08/2023,15,20,33,36,43,12,2.0,15 20 33 36 43 12
05/06/2023,31,39,47,51,53,6,2.0,31 39 47 51 53 06
05/03/2023,21,26,30,45,47,23,3.0,21 26 30 45 47 23
05/01/2023,3,38,55,61,66,1,3.0,03 38 55 61 66 01
04/29/2023,16,53,54,57,65,8,2.0,16 53 54 57 65 08
04/26/2023,2,15,30,35,49,6,2.0,02 15 30 35 49 06
04/24/2023,19,21,55,66,68,3,2.0,19 21 55 66 68 03
04/22/2023,17,36,47,63,68,25,2.0,17 36 47 63 68 25
04/19/2023,4,11,21,38,64,11,3.0,04 11 21 38 64 11
04/17/2023,23,25,35,63,64,25,3.0,23 25 35 63 64 25
04/15/2023,1,33,34,56,59,18,3.0,01 33 34 56 59 18
04/12/2023,9,36,41,44,59,4,2.0,09 36 41 44 59 04
04/10/2023,9,10,36,46,52,14,2.0,09 10 36 46 52 14
04/08/2023,11,22,24,51,60,18,3.0,11 22 24 51 60 18
04/05/2023,3,5,9,42,52,11,2.0,03 05 09 42 52 11
04/03/2023,16,30,31,54,68,1,2.0,16 30 31 54 68 01
04/01/2023,11,19,21,29,52,17,4.0,11 19 21 29 52 17
03/29/2023,4,9,24,46,66,7,3.0,04 09 24 46 66 07
03/27/2023,19,26,36,43,58,14,3.0,19 26 36 43 58 14
03/25/2023,15,17,18,47,57,19,2.0,15 17 18 47 57 19
03/22/2023,27,28,37,50,57,5,2.0,27 28 37 50 57 05
03/20/2023,1,27,32,47,67,14,2.0,01 27 32 47 67 14
03/18/2023,14,20,30,54,69,11,2.0,14 20 30 54 69 11
03/15/2023,16,18,33,37,50,8,2.0,16 18 33 37 50 08
03/13/2023,3,10,24,46,63,4,2.0,03 10 24 46 63 04
03/11/2023,11,20,33,43,58,24,2.0,11 20 33 43 58 24
03/08/2023,26,27,43,61,69,4,3.0,26 27 43 61 69 04
03/06/2023,2,13,29,58,69,4,3.0,02 13 29 58 69 04
03/04/2023,10,16,18,40,66,16,3.0,10 16 18 40 66 16
03/01/2023,2,9,28,36,53,4,2.0,02 09 28 36 53 04
02/27/2023,16,28,49,51,55,23,2.0,16 28 49 51 55 23
02/25/2023,11,24,58,66,67,26,3.0,11 24 58 66 67 26
02/22/2023,11,19,39,44,65,7,2.0,11 19 39 44 65 07
02/20/2023,3,17,26,38,54,15,3.0,03 17 26 38 54 15
02/18/2023,8,21,31,32,37,23,4.0,08 21 31 32 37 23
02/15/2023,31,32,54,60,63,12,4.0,31 32 54 60 63 12
02/13/2023,17,26,37,61,65,2,2.0,17 26 37 61 65 02
02/11/2023,10,23,30,54,65,11,4.0,10 23 30 54 65 11
02/08/2023,52,58,59,64,66,9,2.0,52 58 59 64 66 09
02/06/2023,5,11,22,23,69,7,2.0,05 11 22 23 69 07
02/04/2023,2,8,15,19,58,10,2.0,02 08 15 19 58 10
02/01/2023,31,43,58,59,66,9,2.0,31 43 58 59 66 09
01/30/2023,1,4,12,36,49,5,2.0,01 04 12 36 49 05
01/28/2023,2,18,23,27,47,15,4.0,02 18 23 27 47 15
01/25/2023,9,17,20,38,40,18,2.0,09 17 20 38 40 18
01/23/2023,12,31,47,58,60,23,3.0,12 31 47 58 60 23
01/21/2023,5,14,19,46,64,22,4.0,05 14 19 46 64 22
01/18/2023,6,15,22,42,47,26,3.0,06 15 22 42 47 26
01/16/2023,4,14,33,39,61,3,3.0,04 14 33 39 61 03
01/14/2023,24,26,39,47,57,23,2.0,24 26 39 47 57 23
01/11/2023,4,8,46,47,48,5,3.0,04 08 46 47 48 05
01/09/2023,18,43,48,60,69,14,3.0,18 43 48 60 69 14
01/07/2023,35,36,44,45,67,14,3.0,35 36 44 45 67 14
01/04/2023,12,32,56,67,68,26,3.0,12 32 56 67 68 26
01/02/2023,7,9,12,31,62,22,2.0,07 09 12 31 62 22
12/31/2022,18,37,44,50,64,11,3.0,18 37 44 50 64 11
12/28/2022,26,32,38,45,56,1,2.0,26 32 38 45 56 01
12/26/2022,17,41,47,60,61,17,3.0,17 41 47 60 61 17
12/24/2022,17,37,46,54,67,8,3.0,17 37 46 54 67 08
12/21/2022,12,15,24,34,59,14,2.0,12 15 24 34 59 14
12/19/2022,7,37,55,65,67,12,5.0,07 37 55 65 67 12
12/17/2022,33,56,64,66,68,12,2.0,33 56 64 66 68 12
12/14/2022,36,51,59,66,68,25,10.0,36 51 59 66 68 25
12/12/2022,16,31,50,55,61,9,4.0,16 31 50 55 61 09
12/10/2022,9,23,47,49,68,19,2.0,09 23 47 49 68 19
12/07/2022,6,28,44,59,61,21,2.0,06 28 44 59 61 21
12/05/2022,35,45,47,54,55,14,2.0,35 45 47 54 55 14
12/03/2022,6,13,33,36,37,7,4.0,06 13 33 36 37 07
11/30/2022,4,19,24,47,66,10,2.0,04 19 24 47 66 10
11/28/2022,29,30,32,48,50,20,2.0,29 30 32 48 50 20
11/26/2022,15,30,47,50,51,3,10.0,15 30 47 50 51 03
11/23/2022,1,2,31,39,66,25,2.0,01 02 31 39 66 25
11/21/2022,1,6,40,51,67,2,2.0,01 06 40 51 67 02
11/19/2022,7,28,62,63,64,10,3.0,07 28 62 63 64 10
11/16/2022,28,34,51,53,56,11,2.0,28 34 51 53 56 11
11/14/2022,19,35,53,54,67,21,2.0,19 35 53 54 67 21
11/12/2022,16,20,44,57,58,6,4.0,16 20 44 57 58 06
11/09/2022,7,14,24,30,56,7,2.0,07 14 24 30 56 07
11/05/2022,28,45,53,56,69,20,3.0,28 45 53 56 69 20
11/02/2022,2,11,22,35,60,23,2.0,02 11 22 35 60 23
10/31/2022,13,19,36,39,59,13,3.0,13 19 36 39 59 13
10/29/2022,19,31,40,46,57,23,3.0,19 31 40 46 57 23
10/26/2022,19,36,37,46,56,24,2.0,19 36 37 46 56 24
10/24/2022,18,23,35,45,54,16,4.0,18 23 35 45 54 16
10/22/2022,19,25,48,55,60,18,2.0,19 25 48 55 60 18
10/19/2022,6,8,15,27,42,10,3.0,06 08 15 27 42 10
10/17/2022,19,30,36,46,60,25,3.0,19 30 36 46 60 25
10/15/2022,32,37,40,58,62,15,5.0,32 37 40 58 62 15
10/12/2022,14,30,41,42,59,6,5.0,14 30 41 42 59 06
10/10/2022,3,6,11,17,22,11,2.0,03 06 11 17 22 11
10/08/2022,13,43,53,60,68,5,2.0,13 43 53 60 68 05
10/05/2022,26,30,33,37,62,6,2.0,26 30 33 37 62 06
10/03/2022,2,16,22,55,63,22,4.0,02 16 22 55 63 22
10/01/2022,8,21,22,65,69,26,2.0,08 21 22 65 69 26
09/28/2022,6,10,24,33,67,11,3.0,06 10 24 33 67 11
09/26/2022,13,20,31,33,59,20,3.0,13 20 31 33 59 20
09/24/2022,3,9,21,24,29,14,2.0,03 09 21 24 29 14
09/21/2022,6,33,34,45,54,7,2.0,06 33 34 45 54 07
09/19/2022,7,15,36,46,67,7,2.0,07 15 36 46 67 07
09/17/2022,5,25,36,51,61,1,3.0,05 25 36 51 61 01
09/14/2022,9,10,20,22,52,25,3.0,09 10 20 22 52 25
09/12/2022,6,14,16,34,66,25,3.0,06 14 16 34 66 25
09/10/2022,38,42,56,68,69,4,2.0,38 42 56 68 69 04
09/07/2022,3,16,30,33,36,20,3.0,03 16 30 33 36 20
09/05/2022,4,7,32,55,64,25,2.0,04 07 32 55 64 25
09/03/2022,18,27,49,65,69,9,2.0,18 27 49 65 69 09
08/31/2022,7,8,19,24,28,1,2.0,07 08 19 24 28 01
08/29/2022,13,36,43,61,69,18,3.0,13 36 43 61 69 18
08/27/2022,2,18,56,60,65,14,3.0,02 18 56 60 65 14
08/24/2022,6,24,35,37,44,22,4.0,06 24 35 37 44 22
08/22/2022,12,27,34,55,67,9,2.0,12 27 34 55 67 09
08/20/2022,5,9,11,16,66,7,2.0,05 09 11 16 66 07
08/17/2022,23,28,41,50,55,24,2.0,23 28 41 50 55 24
08/15/2022,20,24,47,50,63,5,2.0,20 24 47 50 63 05
08/13/2022,19,24,35,43,62,2,10.0,19 24 35 43 62 02
08/10/2022,29,44,59,61,68,19,2.0,29 44 59 61 68 19
08/08/2022,32,45,51,57,58,12,2.0,32 45 51 57 58 12
08/06/2022,8,15,46,56,68,3,2.0,08 15 46 56 68 03
08/03/2022,9,21,56,57,66,11,2.0,09 21 56 57 66 11
08/01/2022,15,21,31,36,65,16,3.0,15 21 31 36 65 16
07/30/2022,4,17,57,58,68,12,3.0,04 17 57 58 68 12
07/27/2022,1,25,44,55,57,26,2.0,01 25 44 55 57 26
07/25/2022,25,37,38,39,65,5,2.0,25 37 38 39 65 05
07/23/2022,39,41,54,59,62,12,3.0,39 41 54 59 62 12
07/20/2022,10,20,23,49,65,22,3.0,10 20 23 49 65 22
07/18/2022,14,34,36,50,58,5,3.0,14 34 36 50 58 05
07/16/2022,3,18,23,32,57,21,2.0,03 18 23 32 57 21
07/13/2022,22,23,36,47,63,2,2.0,22 23 36 47 63 02
07/11/2022,4,26,34,37,52,9,2.0,04 26 34 37 52 09
07/09/2022,14,22,42,46,52,24,3.0,14 22 42 46 52 24
07/06/2022,32,36,49,62,69,13,2.0,32 36 49 62 69 13
07/04/2022,15,16,24,31,56,4,2.0,15 16 24 31 56 04
07/02/2022,9,10,37,59,62,26,3.0,09 10 37 59 62 26
06/29/2022,8,40,49,58,63,14,3.0,08 40 49 58 63 14
06/27/2022,11,13,18,30,37,16,3.0,11 13 18 30 37 16
06/25/2022,6,12,20,27,32,4,3.0,06 12 20 27 32 04
06/22/2022,6,10,31,48,56,12,3.0,06 10 31 48 56 12
06/20/2022,3,44,61,63,69,13,2.0,03 44 61 63 69 13
06/18/2022,10,19,40,45,58,25,2.0,10 19 40 45 58 25
06/15/2022,19,28,41,42,51,7,2.0,19 28 41 42 51 07
06/13/2022,2,27,42,44,51,25,2.0,02 27 42 44 51 25
06/11/2022,18,20,26,53,69,5,2.0,18 20 26 53 69 05
06/08/2022,22,39,43,62,64,7,4.0,22 39 43 62 64 07
06/06/2022,2,10,35,44,46,4,2.0,02 10 35 44 46 04
06/04/2022,14,16,36,52,60,16,3.0,14 16 36 52 60 16
06/01/2022,11,41,56,57,63,2,2.0,11 41 56 57 63 02
05/30/2022,27,28,51,68,69,22,2.0,27 28 51 68 69 22
05/28/2022,2,39,50,61,66,15,2.0,02 39 50 61 66 15
05/25/2022,19,28,39,42,57,17,3.0,19 28 39 42 57 17
05/23/2022,1,33,37,39,42,26,2.0,01 33 37 39 42 26
05/21/2022,14,15,25,52,58,11,2.0,14 15 25 52 58 11
05/18/2022,40,41,58,64,65,17,3.0,40 41 58 64 65 17
05/16/2022,7,15,22,36,64,13,2.0,07 15 22 36 64 13
05/14/2022,6,40,41,45,52,9,3.0,06 40 41 45 52 09
05/11/2022,5,7,61,63,69,18,2.0,05 07 61 63 69 18
05/09/2022,18,30,35,52,56,5,2.0,18 30 35 52 56 05
05/07/2022,4,5,6,28,67,10,2.0,04 05 06 28 67 10
05/04/2022,37,39,55,63,69,23,2.0,37 39 55 63 69 23
05/02/2022,18,27,33,39,44,8,5.0,18 27 33 39 44 08
04/30/2022,14,21,37,44,63,1,3.0,14 21 37 44 63 01
04/27/2022,11,36,61,62,68,4,2.0,11 36 61 62 68 04
04/25/2022,12,18,20,39,61,10,2.0,12 18 20 39 61 10
04/23/2022,10,39,47,49,56,8,3.0,10 39 47 49 56 08
04/20/2022,20,30,45,55,56,14,2.0,20 30 45 55 56 14
04/18/2022,8,33,55,59,62,18,2.0,08 33 55 59 62 18
04/16/2022,15,21,32,62,65,26,5.0,15 21 32 62 65 26
04/13/2022,14,16,41,63,68,26,2.0,14 16 41 63 68 26
04/11/2022,5,7,24,31,34,4,2.0,05 07 24 31 34 04
04/06/2022,6,42,45,47,64,18,3.0,06 42 45 47 64 18
04/04/2022,2,32,39,46,69,6,2.0,02 32 39 46 69 06
04/02/2022,6,28,47,58,59,18,2.0,06 28 47 58 59 18
03/30/2022,3,7,21,31,37,11,3.0,03 07 21 31 37 11
03/28/2022,11,18,39,58,62,3,2.0,11 18 39 58 62 03
03/26/2022,2,10,50,59,61,6,3.0,02 10 50 59 61 06
03/23/2022,31,32,37,38,48,24,2.0,31 32 37 38 48 24
03/21/2022,1,15,26,63,65,16,2.0,01 15 26 63 65 16
03/19/2022,8,9,18,48,52,6,2.0,08 09 18 48 52 06
03/16/2022,3,28,34,35,58,17,2.0,03 28 34 35 58 17
03/14/2022,21,28,32,44,49,6,3.0,21 28 32 44 49 06
03/09/2022,13,22,34,51,67,10,2.0,13 22 34 51 67 10
03/07/2022,10,43,55,59,67,2,3.0,10 43 55 59 67 02
03/05/2022,8,23,37,52,63,13,2.0,08 23 37 52 63 13
03/02/2022,19,37,48,61,63,12,2.0,19 37 48 61 63 12
02/28/2022,7,21,39,47,55,19,2.0,07 21 39 47 55 19
02/26/2022,15,32,36,48,64,19,3.0,15 32 36 48 64 19
02/23/2022,6,17,21,35,64,18,2.0,06 17 21 35 64 18
02/21/2022,2,36,37,45,69,3,2.0,02 36 37 45 69 03
02/19/2022,3,10,15,33,42,11,2.0,03 10 15 33 42 11
02/16/2022,22,30,40,42,48,16,2.0,22 30 40 42 48 16
02/14/2022,16,25,27,49,55,17,3.0,16 25 27 49 55 17
02/12/2022,8,10,21,41,62,7,3.0,08 10 21 41 62 07
02/09/2022,2,17,33,51,63,26,2.0,02 17 33 51 63 26
02/07/2022,5,15,38,47,65,10,3.0,05 15 38 47 65 10
02/05/2022,5,16,27,39,61,24,2.0,05 16 27 39 61 24
02/02/2022,18,29,33,62,63,15,3.0,18 29 33 62 63 15
01/31/2022,10,15,51,61,69,14,3.0,10 15 51 61 69 14
01/29/2022,2,15,38,54,65,11,4.0,02 15 38 54 65 11
01/26/2022,4,11,38,49,69,16,3.0,04 11 38 49 69 16
01/24/2022,11,29,30,47,53,16,3.0,11 29 30 47 53 16
01/22/2022,8,14,33,36,67,17,2.0,08 14 33 36 67 17
01/19/2022,11,15,43,55,61,10,3.0,11 15 43 55 61 10
01/17/2022,9,24,35,46,65,22,2.0,09 24 35 46 65 22
01/15/2022,3,18,37,51,59,13,2.0,03 18 37 51 59 13
01/12/2022,12,21,22,30,33,24,4.0,12 21 22 30 33 24
01/10/2022,14,17,18,21,27,9,2.0,14 17 18 21 27 09
01/08/2022,20,21,36,60,65,13,10.0,20 21 36 60 65 13
01/05/2022,6,14,25,33,46,17,2.0,06 14 25 33 46 17
01/03/2022,2,13,32,33,48,22,2.0,02 13 32 33 48 22
01/01/2022,6,12,39,48,50,7,2.0,06 12 39 48 50 07
12/29/2021,2,6,9,33,39,11,2.0,02 06 09 33 39 11
12/27/2021,36,38,45,62,64,19,2.0,36 38 45 62 64 19
12/25/2021,27,29,45,55,58,2,3.0,27 29 45 55 58 02
12/22/2021,7,16,19,48,68,15,2.0,07 16 19 48 68 15
12/20/2021,2,13,23,34,66,2,4.0,02 13 23 34 66 02
12/18/2021,2,6,24,51,61,1,2.0,02 06 24 51 61 01
12/15/2021,19,20,40,42,59,15,3.0,19 20 40 42 59 15
12/13/2021,10,30,37,53,59,4,2.0,10 30 37 53 59 04
12/11/2021,3,25,44,53,64,10,2.0,03 25 44 53 64 10
12/08/2021,3,7,33,50,69,24,2.0,03 07 33 50 69 24
12/06/2021,3,21,38,50,59,6,3.0,03 21 38 50 59 06
12/04/2021,10,40,45,56,67,2,2.0,10 40 45 56 67 02
12/01/2021,12,15,38,57,63,24,2.0,12 15 38 57 63 24
11/29/2021,18,26,28,38,47,17,2.0,18 26 28 38 47 17
11/27/2021,8,32,55,64,66,10,2.0,08 32 55 64 66 10
11/24/2021,10,16,32,63,65,17,2.0,10 16 32 63 65 17
11/22/2021,7,20,29,38,67,22,2.0,07 20 29 38 67 22
11/20/2021,40,43,48,59,69,19,3.0,40 43 48 59 69 19
11/17/2021,3,16,48,52,60,1,3.0,03 16 48 52 60 01
11/15/2021,5,31,34,51,53,23,2.0,05 31 34 51 53 23
11/13/2021,8,15,26,35,45,9,3.0,08 15 26 35 45 09
11/10/2021,19,25,43,46,48,14,2.0,19 25 43 46 48 14
11/08/2021,21,46,47,57,62,8,3.0,21 46 47 57 62 08
11/06/2021,8,30,48,57,64,9,2.0,08 30 48 57 64 09
11/03/2021,1,2,24,50,57,26,2.0,01 02 24 50 57 26
11/01/2021,9,25,34,44,45,8,3.0,09 25 34 44 45 08
10/30/2021,5,23,28,43,56,19,2.0,05 23 28 43 56 19
10/27/2021,3,6,26,35,51,17,4.0,03 06 26 35 51 17
10/25/2021,10,27,29,44,58,24,2.0,10 27 29 44 58 24
10/23/2021,10,30,51,57,63,20,2.0,10 30 51 57 63 20
10/20/2021,7,29,36,41,43,5,2.0,07 29 36 41 43 05
10/18/2021,30,32,48,53,63,12,2.0,30 32 48 53 63 12
10/16/2021,30,31,41,42,48,3,3.0,30 31 41 42 48 03
10/13/2021,23,29,47,59,60,15,2.0,23 29 47 59 60 15
10/11/2021,11,20,33,39,65,24,3.0,11 20 33 39 65 24
10/09/2021,12,17,30,45,62,5,2.0,12 17 30 45 62 05
10/06/2021,1,17,52,58,64,1,10.0,01 17 52 58 64 01
10/04/2021,12,22,54,66,69,15,2.0,12 22 54 66 69 15
10/02/2021,28,38,42,47,52,1,2.0,28 38 42 47 52 01
09/29/2021,2,7,11,17,32,11,3.0,02 07 11 17 32 11
09/27/2021,21,22,39,44,60,12,2.0,21 22 39 44 60 12
09/25/2021,22,23,37,62,63,19,3.0,22 23 37 62 63 19
09/22/2021,20,40,47,55,63,5,3.0,20 40 47 55 63 05
09/20/2021,37,51,54,58,60,19,2.0,37 51 54 58 60 19
09/18/2021,5,36,39,45,57,11,2.0,05 36 39 45 57 11
09/15/2021,1,4,18,46,62,25,3.0,01 04 18 46 62 25
09/13/2021,37,40,50,61,63,21,3.0,37 40 50 61 63 21
09/11/2021,20,31,38,40,49,21,2.0,20 31 38 40 49 21
09/08/2021,9,22,41,47,61,21,2.0,09 22 41 47 61 21
09/06/2021,11,20,22,33,54,24,2.0,11 20 22 33 54 24
09/04/2021,32,35,40,52,54,1,5.0,32 35 40 52 54 01
09/01/2021,10,20,29,48,51,17,2.0,10 20 29 48 51 17
08/30/2021,3,15,45,51,61,8,2.0,03 15 45 51 61 08
08/28/2021,12,22,26,46,59,26,2.0,12 22 26 46 59 26
08/25/2021,27,39,54,56,59,24,3.0,27 39 54 56 59 24
08/23/2021,17,36,47,60,61,15,3.0,17 36 47 60 61 15
08/21/2021,16,28,36,39,59,4,2.0,16 28 36 39 59 04
08/18/2021,35,36,51,55,61,26,2.0,35 36 51 55 61 26
08/14/2021,6,21,49,65,67,18,2.0,06 21 49 65 67 18
08/11/2021,12,18,20,29,30,16,3.0,12 18 20 29 30 16
08/07/2021,7,24,36,54,60,23,2.0,07 24 36 54 60 23
08/04/2021,5,21,32,36,58,14,2.0,05 21 32 36 58 14
07/31/2021,1,21,22,34,47,4,2.0,01 21 22 34 47 04
07/28/2021,25,30,53,59,60,5,3.0,25 30 53 59 60 05
07/24/2021,1,4,11,59,67,10,2.0,01 04 11 59 67 10
07/21/2021,27,28,44,67,68,11,2.0,27 28 44 67 68 11
07/17/2021,15,22,38,54,66,3,2.0,15 22 38 54 66 03
07/14/2021,33,46,52,59,62,10,2.0,33 46 52 59 62 10
07/10/2021,1,5,29,54,62,3,2.0,01 05 29 54 62 03
07/07/2021,8,21,30,49,57,8,2.0,08 21 30 49 57 08
07/03/2021,26,40,41,55,65,24,2.0,26 40 41 55 65 24
06/30/2021,24,29,50,65,66,14,4.0,24 29 50 65 66 14
06/26/2021,8,31,39,43,60,17,3.0,08 31 39 43 60 17
06/23/2021,13,20,40,51,63,1,3.0,13 20 40 51 63 01
06/19/2021,4,22,35,38,39,20,2.0,04 22 35 38 39 20
06/16/2021,19,29,34,44,50,25,2.0,19 29 34 44 50 25
06/12/2021,8,25,34,38,41,10,3.0,08 25 34 38 41 10
06/09/2021,19,28,46,50,54,9,2.0,19 28 46 50 54 09
06/05/2021,44,52,54,64,69,26,3.0,44 52 54 64 69 26
06/02/2021,6,7,11,66,67,19,3.0,06 07 11 66 67 19
05/29/2021,11,13,22,27,46,20,2.0,11 13 22 27 46 20
05/26/2021,2,8,21,34,62,16,2.0,02 08 21 34 62 16
05/22/2021,3,19,27,37,40,8,2.0,03 19 27 37 40 08
05/19/2021,11,13,55,56,69,4,2.0,11 13 55 56 69 04
05/15/2021,4,10,37,39,69,24,3.0,04 10 37 39 69 24
05/12/2021,1,19,20,38,54,17,2.0,01 19 20 38 54 17
05/08/2021,12,17,20,21,26,8,3.0,12 17 20 21 26 08
05/05/2021,16,23,28,40,63,1,2.0,16 23 28 40 63 01
05/01/2021,35,36,47,61,63,3,3.0,35 36 47 61 63 03
04/24/2021,22,36,48,59,61,22,3.0,22 36 48 59 61 22
04/21/2021,21,25,32,63,67,6,2.0,21 25 32 63 67 06
04/17/2021,10,21,26,41,49,25,2.0,10 21 26 41 49 25
04/14/2021,13,30,33,45,61,14,2.0,13 30 33 45 61 14
04/10/2021,14,16,23,50,53,3,3.0,14 16 23 50 53 03
04/07/2021,27,35,39,51,66,16,5.0,27 35 39 51 66 16
04/03/2021,1,12,17,39,53,5,2.0,01 12 17 39 53 05
03/31/2021,3,10,44,55,68,24,2.0,03 10 44 55 68 24
03/27/2021,6,14,38,39,65,6,3.0,06 14 38 39 65 06
03/24/2021,4,9,17,27,38,18,2.0,04 09 17 27 38 18
03/20/2021,1,6,22,42,61,4,3.0,01 06 22 42 61 04
03/17/2021,34,38,42,61,62,19,2.0,34 38 42 61 62 19
03/13/2021,5,11,51,56,61,2,2.0,05 11 51 56 61 02
03/10/2021,17,18,37,44,53,18,3.0,17 18 37 44 53 18
03/06/2021,11,31,50,52,58,18,4.0,11 31 50 52 58 18
03/03/2021,21,40,44,50,55,16,3.0,21 40 44 50 55 16
02/27/2021,2,28,31,44,52,18,3.0,02 28 31 44 52 18
02/24/2021,4,33,43,53,65,21,3.0,04 33 43 53 65 21
02/20/2021,4,8,22,32,58,4,10.0,04 08 22 32 58 04
02/17/2021,1,15,21,32,46,1,3.0,01 15 21 32 46 01
02/13/2021,20,28,33,63,68,20,2.0,20 28 33 63 68 20
02/10/2021,15,39,58,63,67,7,2.0,15 39 58 63 67 07
02/06/2021,1,16,48,49,65,8,2.0,01 16 48 49 65 08
02/03/2021,5,37,40,64,66,5,3.0,05 37 40 64 66 05
01/30/2021,1,2,7,52,61,4,3.0,01 02 07 52 61 04
01/27/2021,17,33,35,42,52,9,3.0,17 33 35 42 52 09
01/23/2021,5,8,17,27,28,14,3.0,05 08 17 27 28 14
01/20/2021,40,53,60,68,69,22,3.0,40 53 60 68 69 22
01/16/2021,14,20,39,65,67,2,3.0,14 20 39 65 67 02
01/13/2021,4,19,23,25,49,14,2.0,04 19 23 25 49 14
01/09/2021,14,26,38,45,46,13,2.0,14 26 38 45 46 13
01/06/2021,1,20,22,60,66,3,3.0,01 20 22 60 66 03
01/02/2021,3,4,11,41,67,5,2.0,03 04 11 41 67 05
12/30/2020,3,43,45,61,65,14,2.0,03 43 45 61 65 14
12/26/2020,10,24,27,35,53,18,2.0,10 24 27 35 53 18
12/23/2020,6,13,38,39,53,6,3.0,06 13 38 39 53 06
12/19/2020,27,32,34,43,52,13,2.0,27 32 34 43 52 13
12/16/2020,4,23,37,61,67,7,2.0,04 23 37 61 67 07
12/12/2020,17,54,56,63,69,20,2.0,17 54 56 63 69 20
12/09/2020,11,14,31,47,48,4,3.0,11 14 31 47 48 04
12/05/2020,3,4,6,48,53,10,2.0,03 04 06 48 53 10
12/02/2020,28,31,40,41,46,4,3.0,28 31 40 41 46 04
11/28/2020,8,12,18,44,51,18,2.0,08 12 18 44 51 18
11/25/2020,2,57,58,60,65,26,2.0,02 57 58 60 65 26
11/21/2020,51,54,57,60,69,11,2.0,51 54 57 60 69 11
11/18/2020,4,5,17,43,52,5,2.0,04 05 17 43 52 05
11/14/2020,7,15,18,32,45,20,2.0,07 15 18 32 45 20
11/11/2020,13,15,17,45,63,13,2.0,13 15 17 45 63 13
11/07/2020,14,16,37,48,58,18,2.0,14 16 37 48 58 18
11/04/2020,23,32,33,45,49,14,2.0,23 32 33 45 49 14
10/31/2020,2,6,40,42,55,24,3.0,02 06 40 42 55 24
10/28/2020,11,28,37,40,53,13,2.0,11 28 37 40 53 13
10/24/2020,18,20,27,45,65,6,2.0,18 20 27 45 65 06
10/21/2020,1,3,13,44,56,26,3.0,01 03 13 44 56 26
10/17/2020,6,10,31,37,44,23,2.0,06 10 31 37 44 23
10/14/2020,21,37,52,53,58,5,2.0,21 37 52 53 58 05
10/10/2020,5,18,23,40,50,18,3.0,05 18 23 40 50 18
10/07/2020,6,24,30,53,56,19,2.0,06 24 30 53 56 19
10/03/2020,18,31,36,43,47,20,2.0,18 31 36 43 47 20
09/30/2020,14,18,36,49,67,18,2.0,14 18 36 49 67 18
09/26/2020,11,21,27,36,62,24,3.0,11 21 27 36 62 24
09/23/2020,8,17,49,52,59,1,2.0,08 17 49 52 59 01
09/19/2020,11,14,23,47,57,14,4.0,11 14 23 47 57 14
09/16/2020,10,17,31,51,53,1,2.0,10 17 31 51 53 01
09/12/2020,16,17,20,53,67,4,2.0,16 17 20 53 67 04
09/09/2020,27,52,55,60,64,21,3.0,27 52 55 60 64 21
09/05/2020,15,21,22,27,47,7,2.0,15 21 22 27 47 07
09/02/2020,1,4,11,20,69,18,2.0,01 04 11 20 69 18
08/29/2020,5,21,22,29,43,10,2.0,05 21 22 29 43 10
08/26/2020,8,12,19,47,58,2,2.0,08 12 19 47 58 02
08/22/2020,19,30,36,42,66,14,3.0,19 30 36 42 66 14
08/19/2020,13,23,47,55,58,23,10.0,13 23 47 55 58 23
08/15/2020,5,12,34,45,56,3,3.0,05 12 34 45 56 03
08/12/2020,2,6,18,36,37,21,2.0,02 06 18 36 37 21
08/08/2020,2,3,14,40,51,24,3.0,02 03 14 40 51 24
08/05/2020,7,14,17,57,65,24,5.0,07 14 17 57 65 24
08/01/2020,6,25,36,43,48,24,3.0,06 25 36 43 48 24
07/29/2020,7,29,35,40,45,26,2.0,07 29 35 40 45 26
07/25/2020,5,21,36,61,62,18,2.0,05 21 36 61 62 18
07/22/2020,16,25,36,44,55,14,3.0,16 25 36 44 55 14
07/18/2020,13,16,32,58,59,9,2.0,13 16 32 58 59 09
07/15/2020,27,47,61,62,69,4,10.0,27 47 61 62 69 04
07/11/2020,14,19,61,62,64,4,2.0,14 19 61 62 64 04
07/08/2020,3,10,34,36,62,5,10.0,03 10 34 36 62 05
07/04/2020,16,21,27,60,61,6,2.0,16 21 27 60 61 06
07/01/2020,15,28,52,53,63,18,4.0,15 28 52 53 63 18
06/27/2020,9,36,49,56,62,8,2.0,09 36 49 56 62 08
06/24/2020,15,22,27,33,46,23,3.0,15 22 27 33 46 23
06/20/2020,10,31,41,63,67,5,3.0,10 31 41 63 67 05
06/17/2020,7,10,63,64,68,10,3.0,07 10 63 64 68 10
06/13/2020,2,12,32,50,65,5,3.0,02 12 32 50 65 05
06/10/2020,10,33,41,52,54,18,5.0,10 33 41 52 54 18
06/06/2020,1,17,38,68,69,18,2.0,01 17 38 68 69 18
06/03/2020,1,3,26,41,64,17,2.0,01 03 26 41 64 17
05/30/2020,13,32,41,58,60,14,2.0,13 32 41 58 60 14
05/27/2020,38,58,59,64,68,21,3.0,38 58 59 64 68 21
05/23/2020,2,8,18,21,23,16,4.0,02 08 18 21 23 16
05/20/2020,18,34,40,42,50,9,2.0,18 34 40 42 50 09
05/16/2020,8,12,26,39,42,11,2.0,08 12 26 39 42 11
05/13/2020,39,53,54,56,57,20,3.0,39 53 54 56 57 20
05/09/2020,12,18,42,48,65,19,5.0,12 18 42 48 65 19
05/06/2020,7,8,35,50,65,20,4.0,07 08 35 50 65 20
05/02/2020,13,16,33,58,68,24,5.0,13 16 33 58 68 24
04/29/2020,2,20,49,61,67,20,2.0,02 20 49 61 67 20
04/25/2020,1,3,21,47,57,18,2.0,01 03 21 47 57 18
04/22/2020,1,33,35,40,69,24,5.0,01 33 35 40 69 24
04/18/2020,4,44,46,56,63,19,2.0,04 44 46 56 63 19
04/15/2020,10,12,33,36,41,2,3.0,10 12 33 36 41 02
04/11/2020,22,29,30,42,47,17,3.0,22 29 30 42 47 17
04/08/2020,2,37,39,48,54,5,3.0,02 37 39 48 54 05
04/04/2020,8,31,39,40,43,4,3.0,08 31 39 40 43 04
04/01/2020,33,35,45,48,60,16,2.0,33 35 45 48 60 16
03/28/2020,7,40,48,55,66,11,2.0,07 40 48 55 66 11
03/25/2020,5,9,27,39,42,16,2.0,05 09 27 39 42 16
03/21/2020,2,23,40,59,69,13,2.0,02 23 40 59 69 13
03/18/2020,15,27,44,59,63,8,4.0,15 27 44 59 63 08
03/14/2020,9,23,26,30,32,8,3.0,09 23 26 30 32 08
03/11/2020,4,29,49,50,67,2,4.0,04 29 49 50 67 02
03/07/2020,7,15,21,33,62,23,2.0,07 15 21 33 62 23
03/04/2020,18,43,58,60,68,14,2.0,18 43 58 60 68 14
02/29/2020,24,44,46,50,51,13,3.0,24 44 46 50 51 13
02/26/2020,8,27,29,36,47,24,3.0,08 27 29 36 47 24
02/22/2020,25,37,39,61,62,11,3.0,25 37 39 61 62 11
02/19/2020,10,12,15,19,56,19,2.0,10 12 15 19 56 19
02/15/2020,16,32,35,36,46,3,3.0,16 32 35 36 46 03
02/12/2020,14,47,54,55,68,25,2.0,14 47 54 55 68 25
02/08/2020,35,49,50,59,66,6,2.0,35 49 50 59 66 06
02/05/2020,23,30,35,41,57,2,3.0,23 30 35 41 57 02
02/01/2020,12,33,54,57,60,13,4.0,12 33 54 57 60 13
01/29/2020,9,12,15,31,60,2,2.0,09 12 15 31 60 02
01/25/2020,2,9,17,36,67,18,2.0,02 09 17 36 67 18
01/22/2020,11,33,44,59,67,8,3.0,11 33 44 59 67 08
01/18/2020,20,24,38,56,68,18,2.0,20 24 38 56 68 18
01/15/2020,39,41,53,55,68,19,2.0,39 41 53 55 68 19
01/11/2020,3,21,23,31,59,3,2.0,03 21 23 31 59 03
01/08/2020,2,4,7,43,56,22,4.0,02 04 07 43 56 22
01/04/2020,1,11,21,25,54,7,2.0,01 11 21 25 54 07
01/01/2020,49,53,57,59,62,26,2.0,49 53 57 59 62 26
12/28/2019,20,23,39,59,60,18,2.0,20 23 39 59 60 18
12/25/2019,2,4,16,30,46,20,2.0,02 04 16 30 46 20
12/21/2019,19,31,35,50,67,14,2.0,19 31 35 50 67 14
12/18/2019,14,18,26,39,68,9,2.0,14 18 26 39 68 09
12/14/2019,3,6,12,32,64,19,3.0,03 06 12 32 64 19
12/11/2019,24,29,42,44,63,10,4.0,24 29 42 44 63 10
12/07/2019,18,42,53,62,66,25,3.0,18 42 53 62 66 25
12/04/2019,8,27,44,51,61,14,3.0,08 27 44 51 61 14
11/30/2019,15,35,42,63,68,18,4.0,15 35 42 63 68 18
11/27/2019,15,26,37,53,55,21,2.0,15 26 37 53 55 21
11/23/2019,28,35,38,61,66,23,3.0,28 35 38 61 66 23
11/20/2019,7,15,39,40,57,12,2.0,07 15 39 40 57 12
11/16/2019,14,22,26,55,63,26,3.0,14 22 26 55 63 26
11/13/2019,23,26,27,28,66,11,2.0,23 26 27 28 66 11
11/09/2019,14,17,35,38,60,25,2.0,14 17 35 38 60 25
11/06/2019,15,28,46,62,64,17,3.0,15 28 46 62 64 17
11/02/2019,3,23,32,37,58,22,2.0,03 23 32 37 58 22
10/30/2019,19,22,52,56,67,21,2.0,19 22 52 56 67 21
10/26/2019,3,20,48,54,59,4,4.0,03 20 48 54 59 04
10/23/2019,5,12,50,61,69,23,2.0,05 12 50 61 69 23
10/19/2019,14,27,29,59,65,12,2.0,14 27 29 59 65 12
10/16/2019,1,5,25,63,67,3,2.0,01 05 25 63 67 03
10/12/2019,12,29,34,53,65,23,2.0,12 29 34 53 65 23
10/09/2019,5,18,33,43,65,2,2.0,05 18 33 43 65 02
10/05/2019,6,14,36,51,54,4,2.0,06 14 36 51 54 04
10/02/2019,4,8,10,43,53,7,2.0,04 08 10 43 53 07
09/28/2019,15,23,34,51,55,4,2.0,15 23 34 51 55 04
09/25/2019,37,43,44,45,53,25,3.0,37 43 44 45 53 25
09/21/2019,1,9,22,36,68,22,2.0,01 09 22 36 68 22
09/18/2019,14,19,39,47,51,15,3.0,14 19 39 47 51 15
09/14/2019,11,27,31,36,67,11,2.0,11 27 31 36 67 11
09/11/2019,6,17,24,53,57,3,3.0,06 17 24 53 57 03
09/07/2019,11,20,41,42,56,6,2.0,11 20 41 42 56 06
09/04/2019,4,8,30,52,59,2,10.0,04 08 30 52 59 02
08/31/2019,14,41,50,56,57,18,5.0,14 41 50 56 57 18
08/28/2019,9,32,37,41,56,14,10.0,09 32 37 41 56 14
08/24/2019,5,12,20,21,47,1,2.0,05 12 20 21 47 01
08/21/2019,12,21,22,29,32,21,2.0,12 21 22 29 32 21
08/17/2019,18,21,24,30,60,20,3.0,18 21 24 30 60 20
08/14/2019,10,13,30,51,69,10,2.0,10 13 30 51 69 10
08/10/2019,35,41,44,58,59,3,3.0,35 41 44 58 59 03
08/07/2019,8,32,47,53,59,3,3.0,08 32 47 53 59 03
08/03/2019,3,6,45,66,68,13,2.0,03 06 45 66 68 13
07/31/2019,14,37,47,55,67,6,2.0,14 37 47 55 67 06
07/27/2019,1,19,31,48,61,6,2.0,01 19 31 48 61 06
07/24/2019,22,29,35,53,56,13,2.0,22 29 35 53 56 13
07/20/2019,5,26,36,64,69,19,3.0,05 26 36 64 69 19
07/17/2019,19,43,47,60,68,10,2.0,19 43 47 60 68 10
07/13/2019,13,23,32,35,68,21,3.0,13 23 32 35 68 21
07/10/2019,7,9,26,44,68,3,3.0,07 09 26 44 68 03
07/06/2019,4,8,23,46,65,1,2.0,04 08 23 46 65 01
07/03/2019,40,43,45,50,61,25,3.0,40 43 45 50 61 25
06/29/2019,13,17,24,59,62,8,2.0,13 17 24 59 62 08
06/26/2019,1,5,16,22,54,24,3.0,01 05 16 22 54 24
06/22/2019,3,6,11,14,66,21,2.0,03 06 11 14 66 21
06/19/2019,4,18,21,26,38,1,3.0,04 18 21 26 38 01
06/15/2019,8,11,14,16,49,14,3.0,08 11 14 16 49 14
06/12/2019,5,35,38,42,57,13,2.0,05 35 38 42 57 13
06/08/2019,9,13,42,48,60,18,2.0,09 13 42 48 60 18
06/05/2019,17,23,28,34,38,8,3.0,17 23 28 34 38 08
06/01/2019,6,15,34,45,52,8,2.0,06 15 34 45 52 08
05/29/2019,3,32,34,42,61,7,2.0,03 32 34 42 61 07
05/25/2019,1,2,39,43,66,2,3.0,01 02 39 43 66 02
05/22/2019,7,10,20,44,57,3,2.0,07 10 20 44 57 03
05/18/2019,2,10,25,66,67,26,4.0,02 10 25 66 67 26
05/15/2019,7,17,33,61,68,4,2.0,07 17 33 61 68 04
05/11/2019,6,8,9,37,40,26,2.0,06 08 09 37 40 26
05/08/2019,1,45,53,64,66,3,3.0,01 45 53 64 66 03
05/04/2019,6,16,23,30,61,2,2.0,06 16 23 30 61 02
05/01/2019,5,23,28,56,66,17,5.0,05 23 28 56 66 17
04/27/2019,2,29,41,45,62,6,3.0,02 29 41 45 62 06
04/24/2019,6,32,35,36,65,4,5.0,06 32 35 36 65 04
04/20/2019,3,27,30,63,65,1,3.0,03 27 30 63 65 01
04/17/2019,1,15,17,46,66,15,3.0,01 15 17 46 66 15
04/13/2019,4,17,26,32,49,10,2.0,04 17 26 32 49 10
04/10/2019,12,21,23,39,67,6,4.0,12 21 23 39 67 06
04/06/2019,15,33,43,59,60,8,3.0,15 33 43 59 60 08
04/03/2019,16,19,25,32,49,18,2.0,16 19 25 32 49 18
03/30/2019,21,52,54,64,68,4,3.0,21 52 54 64 68 04
03/27/2019,16,20,37,44,62,12,3.0,16 20 37 44 62 12
03/23/2019,24,25,52,60,66,5,3.0,24 25 52 60 66 05
03/20/2019,10,14,50,53,63,21,2.0,10 14 50 53 63 21
03/16/2019,30,34,39,53,67,11,2.0,30 34 39 53 67 11
03/13/2019,18,36,45,47,69,14,3.0,18 36 45 47 69 14
03/09/2019,5,6,45,55,59,14,3.0,05 06 45 55 59 14
03/06/2019,6,10,21,35,46,23,2.0,06 10 21 35 46 23
03/02/2019,1,19,25,27,68,21,2.0,01 19 25 27 68 21
02/27/2019,21,31,42,49,59,23,5.0,21 31 42 49 59 23
02/23/2019,4,6,14,20,32,13,2.0,04 06 14 20 32 13
02/20/2019,27,49,50,51,52,2,2.0,27 49 50 51 52 02
02/16/2019,29,30,41,48,64,1,4.0,29 30 41 48 64 01
02/13/2019,2,8,14,24,69,26,2.0,02 08 14 24 69 26
02/09/2019,1,2,3,7,39,25,3.0,01 02 03 07 39 25
02/06/2019,5,13,28,38,63,21,5.0,05 13 28 38 63 21
02/02/2019,10,17,18,43,65,13,5.0,10 17 18 43 65 13
01/30/2019,2,12,16,29,54,6,2.0,02 12 16 29 54 06
01/26/2019,8,12,20,21,32,10,4.0,08 12 20 21 32 10
01/23/2019,23,25,47,48,50,24,3.0,23 25 47 48 50 24
01/19/2019,5,8,41,65,66,20,3.0,05 08 41 65 66 20
01/16/2019,14,29,31,56,61,1,2.0,14 29 31 56 61 01
01/12/2019,7,36,48,57,58,24,2.0,07 36 48 57 58 24
01/09/2019,6,19,37,49,59,22,3.0,06 19 37 49 59 22
01/05/2019,3,7,15,27,69,19,2.0,03 07 15 27 69 19
01/02/2019,8,12,42,46,56,12,2.0,08 12 42 46 56 12
12/29/2018,12,42,51,53,62,25,2.0,12 42 51 53 62 25
12/26/2018,5,25,38,52,67,24,2.0,05 25 38 52 67 24
12/22/2018,21,28,30,40,59,26,3.0,21 28 30 40 59 26
12/19/2018,15,29,31,37,43,16,2.0,15 29 31 37 43 16
12/15/2018,8,38,43,52,55,17,3.0,08 38 43 52 55 17
12/12/2018,4,9,21,29,64,26,2.0,04 09 21 29 64 26
12/08/2018,14,32,34,46,61,10,2.0,14 32 34 46 61 10
12/05/2018,9,11,36,37,38,11,5.0,09 11 36 37 38 11
12/01/2018,10,11,47,55,58,26,2.0,10 11 47 55 58 26
11/28/2018,4,19,59,68,69,21,2.0,04 19 59 68 69 21
11/24/2018,11,33,51,56,58,18,2.0,11 33 51 56 58 18
11/21/2018,7,14,23,38,55,18,2.0,07 14 23 38 55 18
11/17/2018,6,8,20,52,68,5,2.0,06 08 20 52 68 05
11/14/2018,7,42,49,62,69,23,5.0,07 42 49 62 69 23
11/10/2018,5,29,34,53,57,24,2.0,05 29 34 53 57 24
11/07/2018,26,28,34,42,50,25,2.0,26 28 34 42 50 25
11/03/2018,15,21,24,32,65,11,3.0,15 21 24 32 65 11
10/31/2018,7,25,39,40,47,20,3.0,07 25 39 40 47 20
10/27/2018,8,12,13,19,27,4,3.0,08 12 13 19 27 04
10/24/2018,3,21,45,53,56,22,2.0,03 21 45 53 56 22
10/20/2018,16,54,57,62,69,23,2.0,16 54 57 62 69 23
10/17/2018,3,57,64,68,69,15,3.0,03 57 64 68 69 15
10/13/2018,11,14,32,43,65,15,3.0,11 14 32 43 65 15
10/10/2018,8,23,27,42,60,7,3.0,08 23 27 42 60 07
10/06/2018,1,22,27,53,67,15,3.0,01 22 27 53 67 15
10/03/2018,41,53,59,63,66,3,3.0,41 53 59 63 66 03
09/29/2018,9,17,34,59,64,22,2.0,09 17 34 59 64 22
09/26/2018,1,2,7,30,50,8,5.0,01 02 07 30 50 08
09/22/2018,24,61,63,64,69,18,5.0,24 61 63 64 69 18
09/19/2018,4,39,48,50,51,11,3.0,04 39 48 50 51 11
09/15/2018,2,18,19,24,34,3,3.0,02 18 19 24 34 03
09/12/2018,6,28,48,63,64,24,2.0,06 28 48 63 64 24
09/08/2018,3,13,20,32,33,21,3.0,03 13 20 32 33 21
09/05/2018,6,15,50,59,60,13,2.0,06 15 50 59 60 13
09/01/2018,11,54,55,61,66,9,3.0,11 54 55 61 66 09
08/29/2018,25,41,53,57,67,12,2.0,25 41 53 57 67 12
08/25/2018,20,25,54,57,63,8,2.0,20 25 54 57 63 08
08/22/2018,1,7,45,47,69,13,2.0,01 07 45 47 69 13
08/18/2018,24,34,52,61,67,16,3.0,24 34 52 61 67 16
08/15/2018,12,15,28,47,48,16,2.0,12 15 28 47 48 16
08/11/2018,5,43,56,62,68,24,2.0,05 43 56 62 68 24
08/08/2018,10,21,30,43,63,17,2.0,10 21 30 43 63 17
08/04/2018,3,11,38,44,58,2,4.0,03 11 38 44 58 02
08/01/2018,5,22,32,38,58,26,2.0,05 22 32 38 58 26
07/28/2018,22,27,46,56,65,13,2.0,22 27 46 56 65 13
07/25/2018,2,18,41,44,64,26,2.0,02 18 41 44 64 26
07/21/2018,9,23,56,58,68,1,2.0,09 23 56 58 68 01
07/18/2018,1,10,27,28,36,12,2.0,01 10 27 28 36 12
07/14/2018,22,41,42,49,67,11,3.0,22 41 42 49 67 11
07/11/2018,19,21,27,46,47,7,4.0,19 21 27 46 47 07
07/07/2018,1,10,43,45,64,22,3.0,01 10 43 45 64 22
07/04/2018,4,7,15,41,44,10,2.0,04 07 15 41 44 10
06/30/2018,3,9,20,42,61,24,2.0,03 09 20 42 61 24
06/27/2018,7,28,37,62,63,15,2.0,07 28 37 62 63 15
06/23/2018,16,29,43,45,56,25,2.0,16 29 43 45 56 25
06/20/2018,4,14,23,27,56,13,2.0,04 14 23 27 56 13
06/16/2018,9,45,57,58,65,9,2.0,09 45 57 58 65 09
06/13/2018,13,20,38,45,55,1,2.0,13 20 38 45 55 01
06/09/2018,6,10,15,25,36,14,3.0,06 10 15 25 36 14
06/06/2018,23,28,41,53,56,14,3.0,23 28 41 53 56 14
06/02/2018,23,25,37,44,64,7,4.0,23 25 37 44 64 07
05/30/2018,17,23,26,46,68,20,2.0,17 23 26 46 68 20
05/26/2018,1,21,31,45,49,21,2.0,01 21 31 45 49 21
05/23/2018,20,54,56,61,64,7,4.0,20 54 56 61 64 07
05/19/2018,3,6,9,17,56,25,3.0,03 06 09 17 56 25
05/16/2018,17,19,21,22,51,19,2.0,17 19 21 22 51 19
05/12/2018,22,42,45,55,56,14,3.0,22 42 45 55 56 14
05/09/2018,11,16,38,50,69,19,2.0,11 16 38 50 69 19
05/05/2018,14,29,36,57,61,17,4.0,14 29 36 57 61 17
05/02/2018,5,14,31,40,50,6,2.0,05 14 31 40 50 06
04/28/2018,20,22,28,45,50,8,5.0,20 22 28 45 50 08
04/25/2018,17,18,39,56,64,12,3.0,17 18 39 56 64 12
04/21/2018,40,50,54,62,69,19,2.0,40 50 54 62 69 19
04/18/2018,9,10,12,17,23,9,2.0,09 10 12 17 23 09
04/14/2018,17,19,26,61,62,15,2.0,17 19 26 61 62 15
04/11/2018,16,18,27,55,67,18,3.0,16 18 27 55 67 18
04/07/2018,2,17,20,38,39,20,2.0,02 17 20 38 39 20
04/04/2018,8,24,42,54,64,24,4.0,08 24 42 54 64 24
03/31/2018,8,24,52,55,61,21,3.0,08 24 52 55 61 21
03/28/2018,6,8,26,52,53,21,2.0,06 08 26 52 53 21
03/24/2018,10,33,45,53,56,24,3.0,10 33 45 53 56 24
03/21/2018,3,4,18,29,61,25,2.0,03 04 18 29 61 25
03/17/2018,22,57,59,60,66,7,2.0,22 57 59 60 66 07
03/14/2018,6,12,24,41,68,9,3.0,06 12 24 41 68 09
03/10/2018,43,44,54,61,69,22,3.0,43 44 54 61 69 22
03/07/2018,6,13,19,36,51,18,2.0,06 13 19 36 51 18
03/03/2018,13,17,25,36,40,5,2.0,13 17 25 36 40 05
02/28/2018,12,30,59,65,69,16,5.0,12 30 59 65 69 16
02/24/2018,24,25,38,62,63,6,2.0,24 25 38 62 63 06
02/21/2018,7,15,31,34,36,8,3.0,07 15 31 34 36 08
02/17/2018,13,26,39,44,62,2,3.0,13 26 39 44 62 02
02/14/2018,37,39,44,46,69,26,2.0,37 39 44 46 69 26
02/10/2018,1,13,27,41,59,20,5.0,01 13 27 41 59 20
02/07/2018,23,34,35,40,47,10,2.0,23 34 35 40 47 10
02/03/2018,15,23,27,48,53,6,2.0,15 23 27 48 53 06
01/31/2018,4,7,14,46,59,22,10.0,04 07 14 46 59 22
01/27/2018,17,21,26,47,54,7,2.0,17 21 26 47 54 07
01/24/2018,5,9,11,33,64,21,3.0,05 09 11 33 64 21
01/20/2018,26,28,47,49,58,3,4.0,26 28 47 49 58 03
01/17/2018,3,33,37,51,57,21,2.0,03 33 37 51 57 21
01/13/2018,14,25,35,58,69,24,2.0,14 25 35 58 69 24
01/10/2018,7,24,33,49,50,4,5.0,07 24 33 49 50 04
01/06/2018,12,61,30,29,33,26,3.0,12 61 30 29 33 26
01/03/2018,2,18,37,39,42,12,3.0,02 18 37 39 42 12
12/30/2017,28,36,41,51,58,24,2.0,28 36 41 51 58 24
12/27/2017,3,9,16,56,60,3,3.0,03 09 16 56 60 03
12/23/2017,1,3,13,15,44,25,2.0,01 03 13 15 44 25
12/20/2017,1,20,61,64,69,20,2.0,01 20 61 64 69 20
12/16/2017,9,35,37,50,63,11,2.0,09 35 37 50 63 11
12/13/2017,2,24,28,51,58,7,3.0,02 24 28 51 58 07
12/09/2017,25,36,37,55,60,6,5.0,25 36 37 55 60 06
12/06/2017,19,20,50,55,62,9,2.0,19 20 50 55 62 09
12/02/2017,28,30,32,36,58,6,3.0,28 30 32 36 58 06
11/29/2017,24,26,28,59,63,16,3.0,24 26 28 59 63 16
11/25/2017,8,13,27,53,54,4,2.0,08 13 27 53 54 04
11/22/2017,35,37,46,51,61,13,2.0,35 37 46 51 61 13
11/18/2017,17,28,31,32,39,26,3.0,17 28 31 32 39 26
11/15/2017,23,32,44,48,50,25,2.0,23 32 44 48 50 25
11/11/2017,4,6,16,30,56,18,2.0,04 06 16 30 56 18
11/08/2017,12,14,20,21,34,22,2.0,12 14 20 21 34 22
11/04/2017,12,14,26,48,51,13,3.0,12 14 26 48 51 13
11/01/2017,3,6,19,26,44,1,2.0,03 06 19 26 44 01
10/28/2017,27,35,38,57,66,10,2.0,27 35 38 57 66 10
10/25/2017,18,22,29,54,57,8,3.0,18 22 29 54 57 08
10/21/2017,14,41,42,45,69,4,2.0,14 41 42 45 69 04
10/18/2017,30,49,54,66,69,8,2.0,30 49 54 66 69 08
10/14/2017,32,37,56,66,69,11,3.0,32 37 56 66 69 11
10/11/2017,1,3,13,19,69,23,2.0,01 03 13 19 69 23
10/07/2017,10,49,61,63,65,7,2.0,10 49 61 63 65 07
10/04/2017,22,23,62,63,66,24,2.0,22 23 62 63 66 24
09/30/2017,8,12,25,41,64,15,3.0,08 12 25 41 64 15
09/27/2017,8,10,21,23,25,22,3.0,08 10 21 23 25 22
09/23/2017,24,45,55,56,57,19,2.0,24 45 55 56 57 19
09/20/2017,39,48,53,67,68,26,3.0,39 48 53 67 68 26
09/16/2017,17,18,24,25,31,24,2.0,17 18 24 25 31 24
09/13/2017,17,24,35,57,63,19,3.0,17 24 35 57 63 19
09/09/2017,6,20,29,57,59,22,2.0,06 20 29 57 59 22
09/06/2017,8,14,32,58,67,17,3.0,08 14 32 58 67 17
09/02/2017,6,21,41,52,62,26,2.0,06 21 41 52 62 26
08/30/2017,19,28,43,67,69,7,2.0,19 28 43 67 69 07
08/26/2017,7,15,32,38,66,15,2.0,07 15 32 38 66 15
08/23/2017,6,7,16,23,26,4,4.0,06 07 16 23 26 04
08/19/2017,17,19,39,43,68,13,4.0,17 19 39 43 68 13
08/16/2017,9,15,43,60,64,4,3.0,09 15 43 60 64 04
08/12/2017,20,24,26,35,49,19,2.0,20 24 26 35 49 19
08/09/2017,12,30,36,47,62,9,4.0,12 30 36 47 62 09
08/05/2017,11,21,28,33,45,11,2.0,11 21 28 33 45 11
08/02/2017,1,16,54,63,69,18,3.0,01 16 54 63 69 18
07/29/2017,1,28,40,45,48,12,2.0,01 28 40 45 48 12
07/26/2017,7,19,21,42,69,12,2.0,07 19 21 42 69 12
07/22/2017,5,32,44,53,60,9,3.0,05 32 44 53 60 09
07/19/2017,50,51,59,61,63,4,5.0,50 51 59 61 63 04
07/15/2017,9,40,63,64,66,17,2.0,09 40 63 64 66 17
07/12/2017,1,2,18,23,61,9,2.0,01 02 18 23 61 09
07/08/2017,8,10,29,40,59,26,2.0,08 10 29 40 59 26
07/05/2017,4,9,16,54,68,21,2.0,04 09 16 54 68 21
07/01/2017,19,42,45,48,53,16,3.0,19 42 45 48 53 16
06/28/2017,29,37,46,53,68,8,2.0,29 37 46 53 68 08
06/24/2017,10,22,32,36,58,10,4.0,10 22 32 36 58 10
06/21/2017,14,46,61,65,68,13,2.0,14 46 61 65 68 13
06/17/2017,10,13,32,53,62,21,2.0,10 13 32 53 62 21
06/14/2017,5,22,43,57,63,24,2.0,05 22 43 57 63 24
06/07/2017,5,21,57,66,69,13,3.0,05 21 57 66 69 13
06/03/2017,3,9,21,41,54,25,4.0,03 09 21 41 54 25
05/31/2017,4,33,39,46,60,6,2.0,04 33 39 46 60 06
05/27/2017,5,10,28,55,67,9,3.0,05 10 28 55 67 09
05/24/2017,28,32,33,38,62,15,2.0,28 32 33 38 62 15
05/20/2017,5,22,45,47,54,3,2.0,05 22 45 47 54 03
05/17/2017,4,11,39,45,48,9,3.0,04 11 39 45 48 09
05/13/2017,17,20,32,63,68,19,5.0,17 20 32 63 68 19
05/10/2017,29,31,46,56,62,8,2.0,29 31 46 56 62 08
05/06/2017,11,21,31,41,59,21,3.0,11 21 31 41 59 21
05/03/2017,17,18,49,59,66,9,2.0,17 18 49 59 66 09
04/29/2017,22,23,24,45,62,5,2.0,22 23 24 45 62 05
04/26/2017,1,15,18,26,51,26,4.0,01 15 18 26 51 26
04/22/2017,21,39,41,48,63,6,3.0,21 39 41 48 63 06
04/19/2017,1,19,37,40,52,15,3.0,01 19 37 40 52 15
04/15/2017,5,22,26,45,61,13,3.0,05 22 26 45 61 13
04/12/2017,8,14,61,63,68,24,2.0,08 14 61 63 68 24
04/08/2017,23,36,51,53,60,15,2.0,23 36 51 53 60 15
04/05/2017,8,20,46,53,54,13,2.0,08 20 46 53 54 13
04/01/2017,9,32,36,44,65,1,3.0,09 32 36 44 65 01
03/29/2017,8,15,31,36,62,11,3.0,08 15 31 36 62 11
03/25/2017,18,31,32,45,48,16,4.0,18 31 32 45 48 16
03/22/2017,2,9,27,29,42,9,2.0,02 09 27 29 42 09
03/18/2017,13,25,44,54,67,5,3.0,13 25 44 54 67 05
03/15/2017,16,30,41,48,53,16,3.0,16 30 41 48 53 16
03/11/2017,1,26,41,50,57,11,2.0,01 26 41 50 57 11
03/08/2017,23,33,42,46,59,4,2.0,23 33 42 46 59 04
03/04/2017,2,18,19,22,63,19,3.0,02 18 19 22 63 19
03/01/2017,10,16,40,52,55,17,10.0,10 16 40 52 55 17
02/25/2017,6,32,47,62,65,19,2.0,06 32 47 62 65 19
02/22/2017,10,13,28,52,61,2,2.0,10 13 28 52 61 02
02/18/2017,3,7,9,31,33,20,3.0,03 07 09 31 33 20
02/15/2017,5,28,33,38,42,19,2.0,05 28 33 38 42 19
02/11/2017,5,9,17,37,64,2,2.0,05 09 17 37 64 02
02/08/2017,14,20,42,49,66,5,2.0,14 20 42 49 66 05
02/04/2017,6,13,16,17,52,25,3.0,06 13 16 17 52 25
02/01/2017,9,43,57,60,64,10,2.0,09 43 57 60 64 10
01/28/2017,12,20,39,49,69,17,2.0,12 20 39 49 69 17
01/25/2017,18,28,62,66,68,22,2.0,18 28 62 66 68 22
01/21/2017,23,25,45,52,67,2,2.0,23 25 45 52 67 02
01/18/2017,9,40,41,53,58,12,2.0,09 40 41 53 58 12
01/14/2017,23,55,59,64,69,13,5.0,23 55 59 64 69 13
01/11/2017,1,3,13,16,43,24,2.0,01 03 13 16 43 24
01/07/2017,3,12,24,37,63,10,2.0,03 12 24 37 63 10
01/04/2017,16,17,29,41,42,4,3.0,16 17 29 41 42 04
12/31/2016,1,3,28,57,67,9,2.0,01 03 28 57 67 09
12/28/2016,16,23,30,44,58,4,2.0,16 23 30 44 58 04
12/24/2016,28,38,42,51,52,21,2.0,28 38 42 51 52 21
12/21/2016,25,33,40,54,68,3,5.0,25 33 40 54 68 03
12/17/2016,1,8,16,40,48,10,2.0,01 08 16 40 48 10
12/14/2016,18,26,37,39,66,15,3.0,18 26 37 39 66 15
12/10/2016,12,21,32,44,66,15,2.0,12 21 32 44 66 15
12/07/2016,41,48,49,53,64,20,2.0,41 48 49 53 64 20
12/03/2016,8,10,26,27,33,22,2.0,08 10 26 27 33 22
11/30/2016,3,14,18,25,45,7,2.0,03 14 18 25 45 07
11/26/2016,17,19,21,37,44,16,2.0,17 19 21 37 44 16
11/23/2016,7,32,41,47,61,3,2.0,07 32 41 47 61 03
11/19/2016,16,24,28,43,61,21,2.0,16 24 28 43 61 21
11/16/2016,28,41,61,63,65,7,2.0,28 41 61 63 65 07
11/12/2016,8,17,20,27,52,24,2.0,08 17 20 27 52 24
11/09/2016,1,25,28,31,54,2,2.0,01 25 28 31 54 02
11/05/2016,21,31,50,51,69,8,3.0,21 31 50 51 69 08
11/02/2016,13,18,37,54,61,5,2.0,13 18 37 54 61 05
10/29/2016,19,20,21,42,48,23,3.0,19 20 21 42 48 23
10/26/2016,2,3,16,48,56,24,2.0,02 03 16 48 56 24
10/22/2016,1,28,33,55,56,22,2.0,01 28 33 55 56 22
10/19/2016,10,16,38,43,63,23,2.0,10 16 38 43 63 23
10/15/2016,23,49,57,64,67,20,2.0,23 49 57 64 67 20
10/12/2016,16,30,34,37,44,16,2.0,16 30 34 37 44 16
10/08/2016,3,54,61,64,68,9,2.0,03 54 61 64 68 09
10/05/2016,8,18,27,29,60,15,2.0,08 18 27 29 60 15
10/01/2016,2,12,50,61,64,1,2.0,02 12 50 61 64 01
09/28/2016,30,38,52,53,62,1,3.0,30 38 52 53 62 01
09/24/2016,7,15,20,29,41,22,2.0,07 15 20 29 41 22
09/21/2016,1,28,63,67,69,17,4.0,01 28 63 67 69 17
09/17/2016,9,19,51,55,62,14,4.0,09 19 51 55 62 14
09/14/2016,10,11,23,28,31,14,2.0,10 11 23 28 31 14
09/10/2016,3,17,49,55,68,8,2.0,03 17 49 55 68 08
09/07/2016,22,23,29,33,55,21,2.0,22 23 29 33 55 21
09/03/2016,7,39,50,59,67,25,3.0,07 39 50 59 67 25
08/31/2016,5,10,24,56,61,12,2.0,05 10 24 56 61 12
08/27/2016,4,32,48,49,63,20,2.0,04 32 48 49 63 20
08/24/2016,9,11,25,64,65,16,3.0,09 11 25 64 65 16
08/20/2016,3,6,21,60,68,24,2.0,03 06 21 60 68 24
08/17/2016,33,44,49,50,52,8,3.0,33 44 49 50 52 08
08/13/2016,38,44,60,64,69,6,2.0,38 44 60 64 69 06
08/10/2016,23,56,61,64,67,12,5.0,23 56 61 64 67 12
08/06/2016,20,33,36,47,52,12,3.0,20 33 36 47 52 12
08/03/2016,9,11,27,66,67,2,3.0,09 11 27 66 67 02
07/30/2016,11,17,21,23,32,5,2.0,11 17 21 23 32 05
07/27/2016,10,47,50,65,68,24,2.0,10 47 50 65 68 24
07/23/2016,5,7,23,35,39,11,2.0,05 07 23 35 39 11
07/20/2016,6,25,35,58,66,5,2.0,06 25 35 58 66 05
07/16/2016,11,17,40,50,62,26,2.0,11 17 40 50 62 26
07/13/2016,3,15,29,54,57,10,3.0,03 15 29 54 57 10
07/09/2016,10,28,32,61,64,12,3.0,10 28 32 61 64 12
07/06/2016,2,24,31,57,66,18,3.0,02 24 31 57 66 18
07/02/2016,10,34,39,59,63,4,2.0,10 34 39 59 63 04
06/29/2016,23,29,37,60,64,6,2.0,23 29 37 60 64 06
06/25/2016,3,27,36,56,69,25,2.0,03 27 36 56 69 25
06/22/2016,14,40,42,43,52,17,3.0,14 40 42 43 52 17
06/18/2016,2,23,41,53,63,11,2.0,02 23 41 53 63 11
06/15/2016,4,22,24,31,33,10,2.0,04 22 24 31 33 10
06/11/2016,20,27,36,41,58,7,2.0,20 27 36 41 58 07
06/08/2016,12,25,37,60,69,20,3.0,12 25 37 60 69 20
06/04/2016,16,20,22,43,64,17,2.0,16 20 22 43 64 17
06/01/2016,23,30,33,40,69,12,5.0,23 30 33 40 69 12
05/28/2016,6,33,34,58,59,12,2.0,06 33 34 58 59 12
05/25/2016,11,24,41,59,64,15,3.0,11 24 41 59 64 15
05/21/2016,5,7,9,23,32,26,4.0,05 07 09 23 32 26
05/18/2016,23,25,39,54,67,11,3.0,23 25 39 54 67 11
05/14/2016,13,27,47,64,65,9,3.0,13 27 47 64 65 09
05/11/2016,20,32,52,66,69,23,3.0,20 32 52 66 69 23
05/07/2016,5,25,26,44,66,9,2.0,05 25 26 44 66 09
05/04/2016,30,47,57,66,69,3,3.0,30 47 57 66 69 03
04/30/2016,3,12,16,32,34,14,3.0,03 12 16 32 34 14
04/27/2016,2,25,33,39,64,17,2.0,02 25 33 39 64 17
04/23/2016,19,35,46,59,62,13,5.0,19 35 46 59 62 13
04/20/2016,12,25,30,52,62,8,3.0,12 25 30 52 62 08
04/16/2016,3,18,25,32,51,3,2.0,03 18 25 32 51 03
04/13/2016,30,33,35,38,64,22,3.0,30 33 35 38 64 22
04/09/2016,14,22,23,41,61,9,3.0,14 22 23 41 61 09
04/06/2016,4,28,49,60,65,25,2.0,04 28 49 60 65 25
04/02/2016,9,28,30,40,61,3,2.0,09 28 30 40 61 03
03/30/2016,24,44,53,55,63,19,2.0,24 44 53 55 63 19
03/26/2016,11,23,42,52,68,6,3.0,11 23 42 52 68 06
03/23/2016,5,8,15,22,49,25,3.0,05 08 15 22 49 25
03/19/2016,11,23,43,54,60,3,3.0,11 23 43 54 60 03
03/16/2016,10,12,13,46,50,21,3.0,10 12 13 46 50 21
03/12/2016,11,28,50,57,62,23,2.0,11 28 50 57 62 23
03/09/2016,14,23,32,34,68,3,3.0,14 23 32 34 68 03
03/05/2016,3,27,34,59,69,19,2.0,03 27 34 59 69 19
03/02/2016,12,13,44,52,62,6,2.0,12 13 44 52 62 06
02/27/2016,10,11,21,22,53,18,3.0,10 11 21 22 53 18
02/24/2016,21,31,64,65,67,5,3.0,21 31 64 65 67 05
02/20/2016,11,12,15,16,54,25,5.0,11 12 15 16 54 25
02/17/2016,7,17,27,29,40,25,2.0,07 17 27 29 40 25
02/13/2016,7,15,18,19,36,20,2.0,07 15 18 19 36 20
02/10/2016,2,3,40,50,62,5,2.0,02 03 40 50 62 05
02/06/2016,4,13,31,36,52,8,3.0,04 13 31 36 52 08
02/03/2016,26,28,31,60,67,23,3.0,26 28 31 60 67 23
01/30/2016,5,12,16,31,43,18,4.0,05 12 16 31 43 18
01/27/2016,3,12,40,52,67,21,2.0,03 12 40 52 67 21
01/23/2016,22,32,34,40,69,19,4.0,22 32 34 40 69 19
01/20/2016,5,39,44,47,69,24,5.0,05 39 44 47 69 24
01/16/2016,3,51,52,61,64,6,2.0,03 51 52 61 64 06
01/13/2016,4,8,19,27,34,10,2.0,04 08 19 27 34 10
01/09/2016,16,19,32,34,57,13,3.0,16 19 32 34 57 13
01/06/2016,2,11,47,62,63,17,3.0,02 11 47 62 63 17
01/02/2016,5,6,15,29,42,10,2.0,05 06 15 29 42 10
12/30/2015,12,36,38,54,61,22,3.0,12 36 38 54 61 22
12/26/2015,27,40,44,59,65,20,2.0,27 40 44 59 65 20
12/23/2015,16,38,55,63,67,25,4.0,16 38 55 63 67 25
12/19/2015,28,30,41,59,68,10,2.0,28 30 41 59 68 10
12/16/2015,9,10,32,42,55,6,2.0,09 10 32 42 55 06
12/12/2015,2,14,19,30,62,22,2.0,02 14 19 30 62 22
12/09/2015,7,10,16,46,56,1,2.0,07 10 16 46 56 01
12/05/2015,13,27,33,47,68,13,2.0,13 27 33 47 68 13
12/02/2015,14,18,19,32,64,9,2.0,14 18 19 32 64 09
11/28/2015,2,6,47,66,67,2,3.0,02 06 47 66 67 02
11/25/2015,16,29,53,58,69,21,2.0,16 29 53 58 69 21
11/21/2015,37,47,50,52,57,21,3.0,37 47 50 52 57 21
11/18/2015,17,40,41,46,69,6,2.0,17 40 41 46 69 06
11/14/2015,14,22,37,45,66,5,3.0,14 22 37 45 66 05
11/11/2015,4,26,32,55,64,18,3.0,04 26 32 55 64 18
11/07/2015,7,16,25,50,53,15,2.0,07 16 25 50 53 15
11/04/2015,2,12,17,20,65,17,4.0,02 12 17 20 65 17
10/31/2015,9,20,25,47,68,7,2.0,09 20 25 47 68 07
10/28/2015,4,54,56,62,63,10,2.0,04 54 56 62 63 10
10/24/2015,20,31,56,60,64,2,3.0,20 31 56 60 64 02
10/21/2015,30,32,42,56,57,11,4.0,30 32 42 56 57 11
10/17/2015,48,49,57,62,69,19,3.0,48 49 57 62 69 19
10/14/2015,15,20,29,31,40,1,2.0,15 20 29 31 40 01
10/10/2015,12,27,29,43,68,1,2.0,12 27 29 43 68 01
10/07/2015,18,30,40,48,52,9,3.0,18 30 40 48 52 09
10/03/2015,6,26,33,44,46,4,2.0,06 26 33 44 46 04
09/30/2015,21,39,40,55,59,17,3.0,21 39 40 55 59 17
09/26/2015,23,31,42,50,57,5,3.0,23 31 42 50 57 05
09/23/2015,8,29,41,51,58,5,2.0,08 29 41 51 58 05
09/19/2015,12,17,26,43,48,24,2.0,12 17 26 43 48 24
09/16/2015,5,7,24,31,39,7,3.0,05 07 24 31 39 07
09/12/2015,2,3,13,16,35,27,3.0,02 03 13 16 35 27
09/09/2015,44,45,47,50,51,8,2.0,44 45 47 50 51 08
09/05/2015,10,16,18,29,45,19,2.0,10 16 18 29 45 19
09/02/2015,17,22,30,46,56,16,3.0,17 22 30 46 56 16
08/29/2015,18,21,25,28,29,16,2.0,18 21 25 28 29 16
08/26/2015,2,22,32,45,56,12,5.0,02 22 32 45 56 12
08/22/2015,4,12,14,21,55,7,4.0,04 12 14 21 55 07
08/19/2015,6,8,43,48,50,7,2.0,06 08 43 48 50 07
08/15/2015,3,13,17,42,52,24,4.0,03 13 17 42 52 24
08/12/2015,8,13,29,38,52,28,2.0,08 13 29 38 52 28
08/08/2015,9,34,48,52,54,15,4.0,09 34 48 52 54 15
08/05/2015,9,11,14,16,42,19,2.0,09 11 14 16 42 19
08/01/2015,7,13,24,49,57,15,3.0,07 13 24 49 57 15
07/29/2015,4,22,27,28,52,35,3.0,04 22 27 28 52 35
07/25/2015,27,29,34,41,44,2,3.0,27 29 34 41 44 02
07/22/2015,12,31,43,44,57,11,2.0,12 31 43 44 57 11
07/18/2015,6,37,39,45,55,33,3.0,06 37 39 45 55 33
07/15/2015,13,16,34,45,50,11,2.0,13 16 34 45 50 11
07/11/2015,11,39,46,52,54,3,2.0,11 39 46 52 54 03
07/08/2015,4,15,25,27,30,18,3.0,04 15 25 27 30 18
07/04/2015,3,6,14,18,24,21,3.0,03 06 14 18 24 21
07/01/2015,7,24,26,31,41,25,2.0,07 24 26 31 41 25
06/27/2015,18,28,35,46,49,27,5.0,18 28 35 46 49 27
06/24/2015,3,5,10,22,32,7,4.0,03 05 10 22 32 07
06/20/2015,9,10,16,20,57,15,2.0,09 10 16 20 57 15
06/17/2015,20,21,22,41,54,7,3.0,20 21 22 41 54 07
06/13/2015,29,41,48,52,54,29,2.0,29 41 48 52 54 29
06/10/2015,31,32,48,49,53,25,2.0,31 32 48 49 53 25
06/06/2015,8,13,18,27,43,15,4.0,08 13 18 27 43 15
06/03/2015,6,8,13,37,40,11,2.0,06 08 13 37 40 11
05/30/2015,8,9,25,56,57,22,2.0,08 09 25 56 57 22
05/27/2015,8,15,34,53,59,23,2.0,08 15 34 53 59 23
05/23/2015,9,15,17,31,43,16,4.0,09 15 17 31 43 16
05/20/2015,1,12,28,35,44,25,3.0,01 12 28 35 44 25
05/16/2015,24,29,38,48,52,32,2.0,24 29 38 48 52 32
05/13/2015,1,25,29,31,47,7,3.0,01 25 29 31 47 07
05/09/2015,4,15,17,35,58,17,3.0,04 15 17 35 58 17
05/06/2015,23,24,27,39,41,30,5.0,23 24 27 39 41 30
05/02/2015,2,6,11,30,31,33,3.0,02 06 11 30 31 33
04/29/2015,1,26,34,38,51,6,3.0,01 26 34 38 51 06
04/25/2015,21,33,35,38,45,12,2.0,21 33 35 38 45 12
04/22/2015,10,14,25,39,53,18,2.0,10 14 25 39 53 18
04/18/2015,13,22,23,29,31,17,3.0,13 22 23 29 31 17
04/15/2015,1,16,21,29,40,30,3.0,01 16 21 29 40 30
04/11/2015,1,12,32,42,58,12,2.0,01 12 32 42 58 12
04/08/2015,1,19,45,46,58,29,2.0,01 19 45 46 58 29
04/04/2015,33,39,40,41,54,28,3.0,33 39 40 41 54 28
04/01/2015,2,30,33,39,44,1,3.0,02 30 33 39 44 01
03/28/2015,2,4,6,12,38,17,3.0,02 04 06 12 38 17
03/25/2015,7,19,23,50,54,14,2.0,07 19 23 50 54 14
03/21/2015,11,16,30,38,42,7,4.0,11 16 30 38 42 07
03/18/2015,14,25,30,33,47,8,2.0,14 25 30 33 47 08
03/14/2015,8,14,39,46,47,18,2.0,08 14 39 46 47 18
03/11/2015,11,24,31,40,44,27,2.0,11 24 31 40 44 27
03/07/2015,34,36,38,42,50,33,4.0,34 36 38 42 50 33
03/04/2015,8,12,15,35,50,32,2.0,08 12 15 35 50 32
02/28/2015,11,17,25,28,46,12,2.0,11 17 25 28 46 12
02/25/2015,17,19,21,32,39,8,3.0,17 19 21 32 39 08
02/21/2015,10,14,18,34,51,26,2.0,10 14 18 34 51 26
02/18/2015,1,9,29,32,49,22,2.0,01 09 29 32 49 22
02/14/2015,1,24,44,45,51,28,2.0,01 24 44 45 51 28
02/11/2015,11,13,25,39,54,19,3.0,11 13 25 39 54 19
02/07/2015,5,10,21,34,58,33,5.0,05 10 21 34 58 33
02/04/2015,24,36,51,52,56,22,2.0,24 36 51 52 56 22
01/31/2015,5,11,16,26,50,34,2.0,05 11 16 26 50 34
01/28/2015,12,24,35,36,49,1,5.0,12 24 35 36 49 01
01/24/2015,16,19,20,29,33,10,2.0,16 19 20 29 33 10
01/21/2015,11,12,15,28,57,23,4.0,11 12 15 28 57 23
01/17/2015,15,16,23,27,36,9,2.0,15 16 23 27 36 09
01/14/2015,2,4,10,41,53,22,5.0,02 04 10 41 53 22
01/10/2015,2,9,19,28,29,19,5.0,02 09 19 28 29 19
01/07/2015,14,15,47,49,59,10,2.0,14 15 47 49 59 10
01/03/2015,4,18,43,46,55,25,3.0,04 18 43 46 55 25
12/31/2014,17,27,37,40,53,35,2.0,17 27 37 40 53 35
12/27/2014,7,10,11,14,36,15,2.0,07 10 11 14 36 15
12/24/2014,11,12,46,47,50,22,4.0,11 12 46 47 50 22
12/20/2014,14,15,19,31,56,5,5.0,14 15 19 31 56 05
12/17/2014,22,31,38,47,48,15,3.0,22 31 38 47 48 15
12/13/2014,5,13,28,43,55,33,3.0,05 13 28 43 55 33
12/10/2014,34,44,48,54,55,10,2.0,34 44 48 54 55 10
12/06/2014,12,15,22,43,49,14,2.0,12 15 22 43 49 14
12/03/2014,25,30,32,46,54,26,3.0,25 30 32 46 54 26
11/29/2014,13,24,30,42,48,27,2.0,13 24 30 42 48 27
11/26/2014,16,17,22,46,54,35,5.0,16 17 22 46 54 35
11/22/2014,23,49,53,54,57,35,2.0,23 49 53 54 57 35
11/19/2014,6,36,38,48,51,17,2.0,06 36 38 48 51 17
11/15/2014,13,16,33,35,51,28,2.0,13 16 33 35 51 28
11/12/2014,37,39,51,52,55,11,3.0,37 39 51 52 55 11
11/08/2014,9,19,33,38,54,15,3.0,09 19 33 38 54 15
11/05/2014,2,11,19,21,42,34,3.0,02 11 19 21 42 34
11/01/2014,1,3,13,25,38,17,2.0,01 03 13 25 38 17
10/29/2014,25,28,48,57,59,16,3.0,25 28 48 57 59 16
10/25/2014,6,10,51,54,57,12,2.0,06 10 51 54 57 12
10/22/2014,29,30,40,42,50,16,2.0,29 30 40 42 50 16
10/18/2014,20,26,27,36,54,19,2.0,20 26 27 36 54 19
10/15/2014,5,7,19,27,28,20,2.0,05 07 19 27 28 20
10/11/2014,10,19,37,38,39,28,2.0,10 19 37 38 39 28
10/08/2014,5,16,31,46,50,18,3.0,05 16 31 46 50 18
10/04/2014,13,18,24,25,33,31,2.0,13 18 24 25 33 31
10/01/2014,1,4,18,20,45,7,2.0,01 04 18 20 45 07
09/27/2014,2,11,35,52,54,13,3.0,02 11 35 52 54 13
09/24/2014,7,14,21,24,41,26,4.0,07 14 21 24 41 26
09/20/2014,22,23,30,37,39,16,4.0,22 23 30 37 39 16
09/17/2014,18,25,36,48,50,23,2.0,18 25 36 48 50 23
09/13/2014,1,6,16,37,53,27,3.0,01 06 16 37 53 27
09/10/2014,2,14,39,40,43,13,5.0,02 14 39 40 43 13
09/06/2014,9,29,31,43,50,18,2.0,09 29 31 43 50 18
09/03/2014,2,16,43,45,51,35,3.0,02 16 43 45 51 35
08/30/2014,5,28,31,52,59,27,2.0,05 28 31 52 59 27
08/27/2014,17,24,26,45,46,19,3.0,17 24 26 45 46 19
08/23/2014,28,32,35,36,52,31,3.0,28 32 35 36 52 31
08/20/2014,4,8,21,38,40,3,2.0,04 08 21 38 40 03
08/16/2014,7,8,17,48,59,9,2.0,07 08 17 48 59 09
08/13/2014,8,37,39,40,52,24,2.0,08 37 39 40 52 24
08/09/2014,3,12,31,34,51,24,2.0,03 12 31 34 51 24
08/06/2014,1,8,24,28,49,24,5.0,01 08 24 28 49 24
08/02/2014,12,26,44,46,47,29,2.0,12 26 44 46 47 29
07/30/2014,13,30,42,49,53,29,3.0,13 30 42 49 53 29
07/26/2014,24,28,30,38,39,16,2.0,24 28 30 38 39 16
07/23/2014,4,10,12,22,31,3,5.0,04 10 12 22 31 03
07/19/2014,10,17,25,45,53,9,2.0,10 17 25 45 53 09
07/16/2014,5,15,18,26,32,35,3.0,05 15 18 26 32 35
07/12/2014,2,3,7,23,51,26,2.0,02 03 07 23 51 26
07/09/2014,9,25,42,55,57,14,2.0,09 25 42 55 57 14
07/05/2014,24,34,36,57,58,11,4.0,24 34 36 57 58 11
07/02/2014,8,18,45,53,58,35,2.0,08 18 45 53 58 35
06/25/2014,10,20,25,50,53,35,4.0,10 20 25 50 53 35
06/21/2014,5,6,37,41,54,26,3.0,05 06 37 41 54 26
06/18/2014,6,9,29,52,59,7,3.0,06 09 29 52 59 07
06/14/2014,9,33,42,45,54,30,3.0,09 33 42 45 54 30
06/11/2014,14,18,25,33,49,23,5.0,14 18 25 33 49 23
06/07/2014,28,30,35,58,59,15,2.0,28 30 35 58 59 15
06/04/2014,1,7,10,22,49,24,3.0,01 07 10 22 49 24
05/31/2014,15,27,31,34,48,1,2.0,15 27 31 34 48 01
05/28/2014,2,24,28,32,59,25,3.0,02 24 28 32 59 25
05/24/2014,15,16,28,49,55,18,2.0,15 16 28 49 55 18
05/21/2014,4,20,34,39,58,31,5.0,04 20 34 39 58 31
05/17/2014,23,32,39,47,49,22,3.0,23 32 39 47 49 22
05/14/2014,7,33,39,52,55,33,3.0,07 33 39 52 55 33
05/10/2014,4,31,41,47,55,1,2.0,04 31 41 47 55 01
05/07/2014,17,29,31,48,49,34,2.0,17 29 31 48 49 34
05/03/2014,5,15,16,46,49,26,4.0,05 15 16 46 49 26
04/30/2014,2,9,11,19,50,32,3.0,02 09 11 19 50 32
04/26/2014,3,7,22,30,33,20,3.0,03 07 22 30 33 20
04/23/2014,19,25,29,36,48,12,4.0,19 25 29 36 48 12
04/19/2014,5,6,29,35,51,21,5.0,05 06 29 35 51 21
04/16/2014,34,39,42,44,59,8,3.0,34 39 42 44 59 08
04/12/2014,14,26,45,54,55,20,2.0,14 26 45 54 55 20
04/09/2014,9,14,44,48,49,29,2.0,09 14 44 48 49 29
04/05/2014,11,21,26,33,34,29,5.0,11 21 26 33 34 29
04/02/2014,8,13,19,22,53,24,2.0,08 13 19 22 53 24
03/29/2014,2,3,12,27,38,17,2.0,02 03 12 27 38 17
03/26/2014,28,33,41,44,59,21,2.0,28 33 41 44 59 21
03/22/2014,13,28,31,55,58,15,2.0,13 28 31 55 58 15
03/19/2014,2,19,23,34,43,14,2.0,02 19 23 34 43 14
03/15/2014,2,5,34,51,58,9,4.0,02 05 34 51 58 09
03/12/2014,14,15,28,37,54,10,2.0,14 15 28 37 54 10
03/08/2014,10,14,24,32,41,30,2.0,10 14 24 32 41 30
03/05/2014,3,7,9,26,54,19,2.0,03 07 09 26 54 19
03/01/2014,3,8,25,30,47,13,4.0,03 08 25 30 47 13
02/26/2014,11,12,17,38,42,2,2.0,11 12 17 38 42 02
02/22/2014,2,3,13,14,54,4,5.0,02 03 13 14 54 04
02/19/2014,1,17,35,49,54,34,3.0,01 17 35 49 54 34
02/15/2014,2,9,14,21,23,3,3.0,02 09 14 21 23 03
02/12/2014,36,44,49,52,57,1,2.0,36 44 49 52 57 01
02/08/2014,24,25,34,37,54,29,2.0,24 25 34 37 54 29
02/05/2014,8,17,32,57,59,24,3.0,08 17 32 57 59 24
02/01/2014,5,12,15,27,38,7,2.0,05 12 15 27 38 07
01/29/2014,11,23,28,32,47,20,2.0,11 23 28 32 47 20
01/25/2014,8,12,18,55,57,2,2.0,08 12 18 55 57 02
01/22/2014,1,2,7,9,55,29,3.0,01 02 07 09 55 29
01/18/2014,13,14,19,31,38,25,,13 14 19 31 38 25
01/15/2014,7,8,9,24,29,25,,07 08 09 24 29 25
01/11/2014,10,15,33,48,54,34,,10 15 33 48 54 34
01/08/2014,10,28,39,47,58,22,,10 28 39 47 58 22
01/04/2014,19,20,37,41,58,14,,19 20 37 41 58 14
01/01/2014,15,24,40,48,52,23,,15 24 40 48 52 23
12/28/2013,8,35,44,51,56,18,,08 35 44 51 56 18
12/25/2013,23,28,38,39,56,32,,23 28 38 39 56 32
12/21/2013,25,36,40,45,51,8,,25 36 40 45 51 08
12/18/2013,7,24,37,39,40,1,,07 24 37 39 40 01
12/14/2013,14,25,32,33,41,34,,14 25 32 33 41 34
12/11/2013,1,10,13,18,19,27,,01 10 13 18 19 27
12/07/2013,13,20,32,45,48,17,,13 20 32 45 48 17
12/04/2013,6,9,11,31,44,25,,06 09 11 31 44 25
11/30/2013,5,26,44,45,57,29,,05 26 44 45 57 29
11/27/2013,18,25,50,55,57,17,,18 25 50 55 57 17
11/23/2013,5,12,43,52,55,10,,05 12 43 52 55 10
11/20/2013,4,18,23,32,45,7,,04 18 23 32 45 07
11/16/2013,10,29,37,44,59,10,,10 29 37 44 59 10
11/13/2013,5,31,50,55,56,9,,05 31 50 55 56 09
11/09/2013,3,9,37,49,56,32,,03 09 37 49 56 32
11/06/2013,1,5,10,15,49,22,,01 05 10 15 49 22
11/02/2013,13,23,24,27,40,17,,13 23 24 27 40 17
10/30/2013,2,36,40,49,54,10,,02 36 40 49 54 10
10/26/2013,4,6,34,49,56,29,,04 06 34 49 56 29
10/23/2013,3,23,31,34,47,13,,03 23 31 34 47 13
10/19/2013,9,33,54,56,57,5,,09 33 54 56 57 05
10/16/2013,3,26,28,34,42,28,,03 26 28 34 42 28
10/12/2013,8,10,26,57,58,4,,08 10 26 57 58 04
10/09/2013,3,9,19,33,38,18,,03 09 19 33 38 18
10/05/2013,11,12,17,39,40,5,,11 12 17 39 40 05
10/02/2013,4,6,25,42,51,17,,04 06 25 42 51 17
09/28/2013,14,47,52,53,54,5,,14 47 52 53 54 05
09/25/2013,2,7,17,49,53,23,,02 07 17 49 53 23
09/21/2013,12,17,45,54,58,13,,12 17 45 54 58 13
09/18/2013,7,10,22,32,35,19,,07 10 22 32 35 19
09/14/2013,1,17,25,37,44,20,,01 17 25 37 44 20
09/11/2013,11,19,33,42,52,33,,11 19 33 42 52 33
09/07/2013,2,19,22,26,45,24,,02 19 22 26 45 24
09/04/2013,2,9,26,45,47,11,,02 09 26 45 47 11
08/31/2013,2,7,25,40,56,20,,02 07 25 40 56 20
08/28/2013,6,7,9,19,32,13,,06 07 09 19 32 13
08/24/2013,12,17,25,45,59,19,,12 17 25 45 59 19
08/21/2013,30,40,42,46,48,23,,30 40 42 46 48 23
08/17/2013,18,21,46,54,56,23,,18 21 46 54 56 23
08/14/2013,4,11,17,43,51,20,,04 11 17 43 51 20
08/10/2013,4,12,14,37,58,13,,04 12 14 37 58 13
08/07/2013,5,25,30,58,59,32,,05 25 30 58 59 32
08/03/2013,21,24,36,42,45,15,,21 24 36 42 45 15
07/31/2013,8,24,39,49,59,5,,08 24 39 49 59 05
07/27/2013,9,23,40,53,58,6,,09 23 40 53 58 06
07/24/2013,9,29,40,44,54,7,,09 29 40 44 54 07
07/20/2013,14,25,27,38,58,6,,14 25 27 38 58 06
07/17/2013,1,22,34,38,42,17,,01 22 34 38 42 17
07/13/2013,2,8,22,35,37,6,,02 08 22 35 37 06
07/10/2013,30,31,45,55,59,27,,30 31 45 55 59 27
07/06/2013,2,13,35,36,52,11,,02 13 35 36 52 11
07/03/2013,3,6,29,40,51,4,,03 06 29 40 51 04
06/29/2013,8,28,30,53,56,16,,08 28 30 53 56 16
06/26/2013,1,18,33,39,46,33,,01 18 33 39 46 33
06/22/2013,13,19,23,33,57,28,,13 19 23 33 57 28
06/19/2013,7,46,47,52,57,17,,07 46 47 52 57 17
06/15/2013,28,36,40,48,55,1,,28 36 40 48 55 01
06/12/2013,16,22,23,42,55,32,,16 22 23 42 55 32
06/08/2013,2,11,22,26,32,19,,02 11 22 26 32 19
06/05/2013,4,26,33,36,55,32,,04 26 33 36 55 32
06/01/2013,22,28,33,53,59,14,,22 28 33 53 59 14
05/29/2013,9,14,17,49,57,2,,09 14 17 49 57 02
05/25/2013,2,6,19,21,27,25,,02 06 19 21 27 25
05/22/2013,9,31,35,41,57,26,,09 31 35 41 57 26
05/18/2013,10,13,14,22,52,11,,10 13 14 22 52 11
05/15/2013,2,11,26,34,41,32,,02 11 26 34 41 32
05/11/2013,6,13,19,23,43,16,,06 13 19 23 43 16
05/08/2013,21,22,26,30,57,27,,21 22 26 30 57 27
05/04/2013,7,12,26,36,40,17,,07 12 26 36 40 17
05/01/2013,22,26,31,54,55,18,,22 26 31 54 55 18
04/27/2013,3,23,48,54,55,5,,03 23 48 54 55 05
04/24/2013,9,19,31,56,59,2,,09 19 31 56 59 02
04/20/2013,6,8,30,39,48,20,,06 08 30 39 48 20
04/17/2013,13,18,36,48,58,28,,13 18 36 48 58 28
04/13/2013,10,12,31,56,57,33,,10 12 31 56 57 33
04/10/2013,1,36,40,52,53,20,,01 36 40 52 53 20
04/06/2013,4,7,8,29,39,24,,04 07 08 29 39 24
04/03/2013,1,6,8,12,35,3,,01 06 08 12 35 03
03/30/2013,11,23,26,46,55,27,,11 23 26 46 55 27
03/27/2013,7,37,43,48,52,16,,07 37 43 48 52 16
03/23/2013,17,29,31,52,53,31,,17 29 31 52 53 31
03/20/2013,13,14,17,43,54,15,,13 14 17 43 54 15
03/16/2013,3,7,21,44,53,16,,03 07 21 44 53 16
03/13/2013,5,9,28,32,38,29,,05 09 28 32 38 29
03/09/2013,10,37,40,46,52,12,,10 37 40 46 52 12
03/06/2013,6,10,23,41,45,1,,06 10 23 41 45 01
03/02/2013,3,8,13,41,56,16,,03 08 13 41 56 16
02/27/2013,3,14,20,34,48,21,,03 14 20 34 48 21
02/23/2013,2,5,31,39,41,29,,02 05 31 39 41 29
02/20/2013,3,17,19,25,32,17,,03 17 19 25 32 17
02/16/2013,15,16,46,50,58,29,,15 16 46 50 58 29
02/13/2013,12,23,25,27,43,29,,12 23 25 27 43 29
02/09/2013,5,6,16,36,58,3,,05 06 16 36 58 03
02/06/2013,5,27,36,38,41,12,,05 27 36 38 41 12
02/02/2013,11,16,33,40,41,34,,11 16 33 40 41 34
01/30/2013,14,16,32,47,52,16,,14 16 32 47 52 16
01/26/2013,3,22,26,41,49,18,,03 22 26 41 49 18
01/23/2013,11,12,24,43,45,9,,11 12 24 43 45 09
01/19/2013,8,28,29,34,38,35,,08 28 29 34 38 35
01/16/2013,9,21,28,32,51,35,,09 21 28 32 51 35
01/12/2013,10,14,21,23,47,7,,10 14 21 23 47 07
01/09/2013,11,13,20,27,59,26,,11 13 20 27 59 26
01/05/2013,26,30,49,51,54,25,,26 30 49 51 54 25
01/02/2013,18,20,28,35,53,20,,18 20 28 35 53 20
12/29/2012,36,46,50,52,55,14,,36 46 50 52 55 14
12/26/2012,11,13,23,43,54,4,,11 13 23 43 54 04
12/22/2012,1,18,35,39,44,11,,01 18 35 39 44 11
12/19/2012,5,8,20,23,30,3,,05 08 20 23 30 03
12/15/2012,15,23,40,44,55,14,,15 23 40 44 55 14
12/12/2012,8,10,25,36,44,28,,08 10 25 36 44 28
12/08/2012,7,23,26,40,53,21,,07 23 26 40 53 21
12/05/2012,13,17,19,27,38,12,,13 17 19 27 38 12
12/01/2012,3,10,19,36,46,3,,03 10 19 36 46 03
11/28/2012,5,16,22,23,29,6,,05 16 22 23 29 06
11/24/2012,22,32,37,44,50,34,,22 32 37 44 50 34
11/21/2012,8,18,24,30,39,26,,08 18 24 30 39 26
11/17/2012,3,15,27,58,59,20,,03 15 27 58 59 20
11/14/2012,8,10,30,44,58,13,,08 10 30 44 58 13
11/10/2012,32,42,50,54,55,32,,32 42 50 54 55 32
11/07/2012,32,34,45,52,58,20,,32 34 45 52 58 20
11/03/2012,4,7,9,30,54,25,,04 07 09 30 54 25
10/31/2012,1,27,31,45,48,5,,01 27 31 45 48 05
10/27/2012,22,32,34,36,56,33,,22 32 34 36 56 33
10/24/2012,3,18,21,23,50,4,,03 18 21 23 50 04
10/20/2012,4,21,28,31,44,10,,04 21 28 31 44 10
10/17/2012,1,7,10,23,42,35,,01 07 10 23 42 35
10/13/2012,2,5,25,26,49,18,,02 05 25 26 49 18
10/10/2012,18,26,29,35,43,28,,18 26 29 35 43 28
10/06/2012,15,26,34,36,59,35,,15 26 34 36 59 35
10/03/2012,17,23,36,55,59,10,,17 23 36 55 59 10
09/29/2012,14,18,28,29,57,8,,14 18 28 29 57 08
09/26/2012,13,26,39,41,42,10,,13 26 39 41 42 10
09/22/2012,2,16,18,40,42,33,,02 16 18 40 42 33
09/19/2012,1,5,8,39,50,23,,01 05 08 39 50 23
09/15/2012,3,20,26,43,48,1,,03 20 26 43 48 01
09/12/2012,24,33,36,48,56,6,,24 33 36 48 56 06
09/08/2012,6,20,34,44,48,29,,06 20 34 44 48 29
09/05/2012,4,19,26,42,51,29,,04 19 26 42 51 29
09/01/2012,8,11,21,44,49,22,,08 11 21 44 49 22
08/29/2012,25,28,49,54,56,28,,25 28 49 54 56 28
08/25/2012,1,6,7,20,49,23,,01 06 07 20 49 23
08/22/2012,22,29,31,47,55,19,,22 29 31 47 55 19
08/18/2012,14,26,41,55,59,1,,14 26 41 55 59 01
08/15/2012,6,27,46,51,56,21,,06 27 46 51 56 21
08/11/2012,4,13,39,46,51,1,,04 13 39 46 51 01
08/08/2012,3,7,11,15,28,12,,03 07 11 15 28 12
08/04/2012,19,30,48,53,55,18,,19 30 48 53 55 18
08/01/2012,3,16,48,56,58,4,,03 16 48 56 58 04
07/28/2012,5,6,13,36,50,13,,05 06 13 36 50 13
07/25/2012,3,14,35,38,46,16,,03 14 35 38 46 16
07/21/2012,9,31,38,54,56,20,,09 31 38 54 56 20
07/18/2012,2,5,20,23,57,3,,02 05 20 23 57 03
07/14/2012,4,16,32,37,46,13,,04 16 32 37 46 13
07/11/2012,5,22,36,49,55,23,,05 22 36 49 55 23
07/07/2012,3,5,29,39,59,29,,03 05 29 39 59 29
07/04/2012,14,19,35,39,56,33,,14 19 35 39 56 33
06/30/2012,7,15,20,41,44,22,,07 15 20 41 44 22
06/27/2012,6,34,40,46,58,6,,06 34 40 46 58 06
06/23/2012,1,3,41,44,53,30,,01 03 41 44 53 30
06/20/2012,11,17,29,56,57,14,,11 17 29 56 57 14
06/16/2012,8,14,15,16,27,26,,08 14 15 16 27 26
06/13/2012,7,10,14,33,57,18,,07 10 14 33 57 18
06/09/2012,18,22,45,56,57,27,,18 22 45 56 57 27
06/06/2012,19,30,33,48,59,27,,19 30 33 48 59 27
06/02/2012,9,10,17,29,45,33,,09 10 17 29 45 33
05/30/2012,9,10,24,52,56,14,,09 10 24 52 56 14
05/26/2012,13,14,41,49,59,14,,13 14 41 49 59 14
05/23/2012,4,7,26,53,59,32,,04 07 26 53 59 32
05/19/2012,8,13,35,46,51,30,,08 13 35 46 51 30
05/16/2012,3,7,21,28,43,2,,03 07 21 28 43 02
05/12/2012,10,24,35,53,58,22,,10 24 35 53 58 22
05/09/2012,1,7,11,55,56,1,,01 07 11 55 56 01
05/05/2012,9,12,20,44,59,23,,09 12 20 44 59 23
05/02/2012,7,8,33,38,50,29,,07 08 33 38 50 29
04/28/2012,31,39,40,57,58,33,,31 39 40 57 58 33
04/25/2012,4,25,29,34,43,29,,04 25 29 34 43 29
04/21/2012,6,8,20,42,51,16,,06 08 20 42 51 16
04/18/2012,20,22,39,46,49,29,,20 22 39 46 49 29
04/14/2012,14,15,16,19,24,2,,14 15 16 19 24 02
04/11/2012,16,23,42,44,47,2,,16 23 42 44 47 02
04/07/2012,5,13,17,20,30,18,,05 13 17 20 30 18
04/04/2012,1,24,33,45,49,6,,01 24 33 45 49 06
03/31/2012,5,14,36,54,58,27,,05 14 36 54 58 27
03/28/2012,11,16,29,50,58,33,,11 16 29 50 58 33
03/24/2012,1,15,35,37,47,8,,01 15 35 37 47 08
03/21/2012,32,43,53,55,56,6,,32 43 53 55 56 06
03/17/2012,11,14,49,55,58,30,,11 14 49 55 58 30
03/14/2012,1,8,41,46,59,24,,01 08 41 46 59 24
03/10/2012,5,14,17,20,41,5,,05 14 17 20 41 05
03/07/2012,12,35,45,46,47,12,,12 35 45 46 47 12
03/03/2012,29,30,45,47,49,35,,29 30 45 47 49 35
02/29/2012,1,4,11,23,26,14,,01 04 11 23 26 14
02/25/2012,6,11,42,53,54,7,,06 11 42 53 54 07
02/22/2012,7,16,17,39,51,32,,07 16 17 39 51 32
02/18/2012,23,28,50,56,59,5,,23 28 50 56 59 05
02/15/2012,11,12,32,52,56,11,,11 12 32 52 56 11
02/11/2012,1,10,37,52,57,11,,01 10 37 52 57 11
02/08/2012,17,28,38,39,51,33,,17 28 38 39 51 33
02/04/2012,15,23,43,45,56,7,,15 23 43 45 56 07
02/01/2012,8,13,17,34,59,35,,08 13 17 34 59 35
01/28/2012,5,33,41,54,59,13,,05 33 41 54 59 13
01/25/2012,4,19,28,29,47,5,,04 19 28 29 47 05
01/21/2012,12,24,43,44,45,7,,12 24 43 44 45 07
01/18/2012,6,29,34,44,50,28,,06 29 34 44 50 28
01/14/2012,10,30,36,38,41,1,5.0,10 30 36 38 41 01
01/11/2012,5,19,29,45,47,25,2.0,05 19 29 45 47 25
01/07/2012,3,21,24,38,39,24,5.0,03 21 24 38 39 24
01/04/2012,21,35,46,47,50,2,4.0,21 35 46 47 50 02
12/31/2011,5,23,25,28,40,34,4.0,05 23 25 28 40 34
12/28/2011,16,21,27,41,45,14,2.0,16 21 27 41 45 14
12/24/2011,14,16,30,51,52,19,2.0,14 16 30 51 52 19
12/21/2011,10,13,15,31,54,18,5.0,10 13 15 31 54 18
12/17/2011,13,28,49,51,59,33,4.0,13 28 49 51 59 33
12/14/2011,2,24,46,52,56,19,5.0,02 24 46 52 56 19
12/10/2011,4,19,33,41,59,9,5.0,04 19 33 41 59 09
12/07/2011,3,14,20,39,40,37,2.0,03 14 20 39 40 37
12/03/2011,5,18,33,43,45,8,3.0,05 18 33 43 45 08
11/30/2011,2,6,34,35,47,22,2.0,02 06 34 35 47 22
11/26/2011,20,37,39,45,55,28,2.0,20 37 39 45 55 28
11/23/2011,4,30,35,57,59,25,2.0,04 30 35 57 59 25
11/19/2011,9,16,17,28,30,11,3.0,09 16 17 28 30 11
11/16/2011,13,22,25,39,51,28,2.0,13 22 25 39 51 28
11/12/2011,4,35,36,51,56,8,5.0,04 35 36 51 56 08
11/09/2011,5,35,57,58,59,12,3.0,05 35 57 58 59 12
11/05/2011,2,33,39,40,43,26,3.0,02 33 39 40 43 26
11/02/2011,12,14,34,39,46,36,4.0,12 14 34 39 46 36
10/29/2011,11,16,40,51,56,38,5.0,11 16 40 51 56 38
10/26/2011,1,18,21,39,55,6,3.0,01 18 21 39 55 06
10/22/2011,3,8,23,30,58,13,4.0,03 08 23 30 58 13
10/19/2011,16,26,35,52,58,2,5.0,16 26 35 52 58 02
10/15/2011,5,10,24,38,43,1,4.0,05 10 24 38 43 01
10/12/2011,10,12,23,43,47,18,3.0,10 12 23 43 47 18
10/08/2011,3,27,35,37,45,31,5.0,03 27 35 37 45 31
10/05/2011,7,20,43,46,54,17,4.0,07 20 43 46 54 17
10/01/2011,1,12,23,27,43,31,3.0,01 12 23 27 43 31
09/28/2011,30,41,50,51,53,8,2.0,30 41 50 51 53 08
09/24/2011,3,4,12,27,44,26,5.0,03 04 12 27 44 26
09/21/2011,12,47,48,52,55,13,4.0,12 47 48 52 55 13
09/17/2011,6,20,22,32,43,11,2.0,06 20 22 32 43 11
09/14/2011,16,41,42,50,59,5,3.0,16 41 42 50 59 05
09/10/2011,4,19,22,32,53,24,4.0,04 19 22 32 53 24
09/07/2011,3,5,18,27,54,13,4.0,03 05 18 27 54 13
09/03/2011,15,25,52,53,54,2,5.0,15 25 52 53 54 02
08/31/2011,13,19,35,47,57,29,5.0,13 19 35 47 57 29
08/27/2011,2,12,25,54,58,14,3.0,02 12 25 54 58 14
08/24/2011,9,13,47,49,53,39,5.0,09 13 47 49 53 39
08/20/2011,2,17,23,28,47,36,2.0,02 17 23 28 47 36
08/17/2011,18,28,31,48,52,37,4.0,18 28 31 48 52 37
08/13/2011,9,12,35,50,58,4,2.0,09 12 35 50 58 04
08/10/2011,11,18,36,41,46,38,4.0,11 18 36 41 46 38
08/06/2011,25,30,54,57,59,6,3.0,25 30 54 57 59 06
08/03/2011,13,19,21,28,49,11,2.0,13 19 21 28 49 11
07/30/2011,20,40,41,47,55,19,2.0,20 40 41 47 55 19
07/27/2011,38,40,41,51,59,33,2.0,38 40 41 51 59 33
07/23/2011,1,7,27,38,48,30,3.0,01 07 27 38 48 30
07/20/2011,1,4,38,40,42,17,4.0,01 04 38 40 42 17
07/16/2011,24,28,48,50,54,25,3.0,24 28 48 50 54 25
07/13/2011,8,18,19,32,54,8,4.0,08 18 19 32 54 08
07/09/2011,1,9,11,23,31,6,3.0,01 09 11 23 31 06
07/06/2011,11,15,24,50,55,8,2.0,11 15 24 50 55 08
07/02/2011,1,11,18,29,51,32,3.0,01 11 18 29 51 32
06/29/2011,24,30,45,57,59,26,3.0,24 30 45 57 59 26
06/25/2011,18,36,39,41,57,12,4.0,18 36 39 41 57 12
06/22/2011,12,15,19,46,59,12,4.0,12 15 19 46 59 12
06/18/2011,12,21,22,38,41,18,2.0,12 21 22 38 41 18
06/15/2011,19,20,38,41,43,29,4.0,19 20 38 41 43 29
06/11/2011,16,18,27,36,50,8,3.0,16 18 27 36 50 08
06/08/2011,14,37,44,45,53,29,5.0,14 37 44 45 53 29
06/04/2011,17,19,39,41,58,21,5.0,17 19 39 41 58 21
06/01/2011,8,18,38,46,56,31,4.0,08 18 38 46 56 31
05/28/2011,12,20,43,51,55,11,4.0,12 20 43 51 55 11
05/25/2011,4,23,31,42,50,23,2.0,04 23 31 42 50 23
05/21/2011,2,8,40,49,50,36,3.0,02 08 40 49 50 36
05/18/2011,7,12,13,42,49,16,4.0,07 12 13 42 49 16
05/14/2011,8,17,18,40,44,16,2.0,08 17 18 40 44 16
05/11/2011,9,17,32,43,45,31,3.0,09 17 32 43 45 31
05/07/2011,2,11,27,47,55,15,4.0,02 11 27 47 55 15
05/04/2011,3,15,27,29,41,24,4.0,03 15 27 29 41 24
04/30/2011,6,13,15,32,41,3,2.0,06 13 15 32 41 03
04/27/2011,4,24,40,44,55,5,2.0,04 24 40 44 55 05
04/23/2011,3,11,47,48,58,19,3.0,03 11 47 48 58 19
04/20/2011,9,24,34,36,43,27,3.0,09 24 34 36 43 27
04/16/2011,21,33,44,45,55,7,5.0,21 33 44 45 55 07
04/13/2011,4,23,39,49,50,39,3.0,04 23 39 49 50 39
04/09/2011,5,14,32,53,56,11,4.0,05 14 32 53 56 11
04/06/2011,10,18,41,55,56,15,2.0,10 18 41 55 56 15
04/02/2011,6,22,34,43,45,23,2.0,06 22 34 43 45 23
03/30/2011,19,20,42,56,58,37,4.0,19 20 42 56 58 37
03/26/2011,4,10,11,19,33,27,4.0,04 10 11 19 33 27
03/23/2011,5,15,26,28,32,9,2.0,05 15 26 28 32 09
03/19/2011,3,11,20,27,46,8,2.0,03 11 20 27 46 08
03/16/2011,28,39,40,48,53,9,3.0,28 39 40 48 53 09
03/12/2011,1,4,12,41,47,3,4.0,01 04 12 41 47 03
03/09/2011,12,20,28,40,48,8,2.0,12 20 28 40 48 08
03/05/2011,2,23,31,42,48,21,2.0,02 23 31 42 48 21
03/02/2011,7,31,50,51,58,6,2.0,07 31 50 51 58 06
02/26/2011,4,13,17,21,45,10,5.0,04 13 17 21 45 10
02/23/2011,29,32,36,39,49,29,3.0,29 32 36 39 49 29
02/19/2011,3,12,34,37,42,36,5.0,03 12 34 37 42 36
02/16/2011,9,13,21,23,48,24,2.0,09 13 21 23 48 24
02/12/2011,11,32,36,48,52,19,4.0,11 32 36 48 52 19
02/09/2011,7,11,39,42,51,30,4.0,07 11 39 42 51 30
02/05/2011,15,37,41,56,59,5,5.0,15 37 41 56 59 05
02/02/2011,3,14,33,53,57,36,4.0,03 14 33 53 57 36
01/29/2011,24,28,45,49,52,2,4.0,24 28 45 49 52 02
01/26/2011,4,5,36,47,58,6,3.0,04 05 36 47 58 06
01/22/2011,30,31,34,45,51,23,2.0,30 31 34 45 51 23
01/19/2011,22,36,51,56,59,32,3.0,22 36 51 56 59 32
01/15/2011,9,13,22,23,37,31,3.0,09 13 22 23 37 31
01/12/2011,19,21,23,40,48,27,4.0,19 21 23 40 48 27
01/08/2011,6,7,26,33,52,24,2.0,06 07 26 33 52 24
01/05/2011,22,26,32,38,40,7,5.0,22 26 32 38 40 07
01/01/2011,18,22,37,47,54,36,2.0,18 22 37 47 54 36
12/29/2010,3,16,18,20,37,30,2.0,03 16 18 20 37 30
12/25/2010,1,17,38,50,52,24,2.0,01 17 38 50 52 24
12/22/2010,11,33,44,46,47,12,2.0,11 33 44 46 47 12
12/18/2010,4,11,19,33,43,14,4.0,04 11 19 33 43 14
12/15/2010,10,11,18,32,45,18,5.0,10 11 18 32 45 18
12/11/2010,1,8,10,19,20,23,2.0,01 08 10 19 20 23
12/08/2010,8,11,25,41,58,16,4.0,08 11 25 41 58 16
12/04/2010,13,24,27,31,42,22,5.0,13 24 27 31 42 22
12/01/2010,5,10,11,12,20,2,3.0,05 10 11 12 20 02
11/27/2010,10,30,37,47,54,39,5.0,10 30 37 47 54 39
11/24/2010,8,20,21,32,37,4,3.0,08 20 21 32 37 04
11/20/2010,10,12,38,53,57,1,5.0,10 12 38 53 57 01
11/17/2010,14,16,53,54,59,5,3.0,14 16 53 54 59 05
11/13/2010,17,30,48,51,54,29,5.0,17 30 48 51 54 29
11/10/2010,5,8,11,40,44,10,4.0,05 08 11 40 44 10
11/06/2010,7,12,23,34,38,33,4.0,07 12 23 34 38 33
11/03/2010,34,38,39,45,50,33,2.0,34 38 39 45 50 33
10/30/2010,1,7,27,36,49,39,5.0,01 07 27 36 49 39
10/27/2010,20,24,25,53,59,15,5.0,20 24 25 53 59 15
10/23/2010,2,7,16,20,46,34,4.0,02 07 16 20 46 34
10/20/2010,7,17,20,39,59,17,3.0,07 17 20 39 59 17
10/16/2010,11,12,15,16,28,11,2.0,11 12 15 16 28 11
10/13/2010,12,22,32,34,46,2,4.0,12 22 32 34 46 02
10/09/2010,2,6,32,42,49,35,3.0,02 06 32 42 49 35
10/06/2010,14,26,37,41,46,24,5.0,14 26 37 41 46 24
10/02/2010,12,20,30,36,47,25,4.0,12 20 30 36 47 25
09/29/2010,13,44,51,52,55,30,4.0,13 44 51 52 55 30
09/25/2010,8,16,27,35,42,30,2.0,08 16 27 35 42 30
09/22/2010,10,24,36,52,55,15,5.0,10 24 36 52 55 15
09/18/2010,1,18,37,39,44,13,4.0,01 18 37 39 44 13
09/15/2010,7,20,21,34,43,34,5.0,07 20 21 34 43 34
09/11/2010,7,17,20,36,59,33,4.0,07 17 20 36 59 33
09/08/2010,10,35,39,51,57,20,5.0,10 35 39 51 57 20
09/04/2010,11,14,22,33,42,38,2.0,11 14 22 33 42 38
09/01/2010,17,20,21,40,51,19,3.0,17 20 21 40 51 19
08/28/2010,4,22,27,32,56,13,4.0,04 22 27 32 56 13
08/25/2010,16,17,29,31,36,23,3.0,16 17 29 31 36 23
08/21/2010,7,10,12,22,27,26,2.0,07 10 12 22 27 26
08/18/2010,4,32,33,47,55,39,3.0,04 32 33 47 55 39
08/14/2010,9,33,36,50,58,31,2.0,09 33 36 50 58 31
08/11/2010,7,10,22,23,52,29,2.0,07 10 22 23 52 29
08/07/2010,4,22,26,31,52,30,5.0,04 22 26 31 52 30
08/04/2010,19,28,30,37,53,36,4.0,19 28 30 37 53 36
07/31/2010,1,16,17,41,57,15,3.0,01 16 17 41 57 15
07/28/2010,1,11,20,25,27,2,5.0,01 11 20 25 27 02
07/24/2010,20,30,38,46,59,27,2.0,20 30 38 46 59 27
07/21/2010,16,22,30,51,58,25,3.0,16 22 30 51 58 25
07/17/2010,22,27,35,37,45,3,4.0,22 27 35 37 45 03
07/14/2010,20,21,23,38,42,6,3.0,20 21 23 38 42 06
07/10/2010,20,21,27,28,56,4,4.0,20 21 27 28 56 04
07/07/2010,10,41,44,48,56,4,2.0,10 41 44 48 56 04
07/03/2010,3,10,14,52,53,3,3.0,03 10 14 52 53 03
06/30/2010,6,38,43,47,48,27,5.0,06 38 43 47 48 27
06/26/2010,13,30,32,38,57,25,4.0,13 30 32 38 57 25
06/23/2010,11,30,45,47,48,10,3.0,11 30 45 47 48 10
06/19/2010,9,30,31,50,54,39,3.0,09 30 31 50 54 39
06/16/2010,8,11,18,29,36,6,5.0,08 11 18 29 36 06
06/12/2010,9,12,13,35,38,30,10.0,09 12 13 35 38 30
06/09/2010,14,22,27,32,49,5,4.0,14 22 27 32 49 05
06/05/2010,18,34,40,48,59,25,4.0,18 34 40 48 59 25
06/02/2010,4,9,14,39,43,38,4.0,04 09 14 39 43 38
05/29/2010,1,3,24,28,41,10,4.0,01 03 24 28 41 10
05/26/2010,1,6,10,13,20,32,4.0,01 06 10 13 20 32
05/22/2010,19,20,40,47,57,29,2.0,19 20 40 47 57 29
05/19/2010,2,7,29,55,58,27,3.0,02 07 29 55 58 27
05/15/2010,15,21,23,28,36,20,2.0,15 21 23 28 36 20
05/12/2010,37,51,52,53,58,38,2.0,37 51 52 53 58 38
05/08/2010,5,22,34,41,57,31,5.0,05 22 34 41 57 31
05/05/2010,13,34,40,47,57,11,4.0,13 34 40 47 57 11
05/01/2010,16,23,25,49,58,20,4.0,16 23 25 49 58 20
04/28/2010,12,22,25,28,44,24,4.0,12 22 25 28 44 24
04/24/2010,1,12,53,56,57,5,2.0,01 12 53 56 57 05
04/21/2010,11,34,41,49,55,20,2.0,11 34 41 49 55 20
04/17/2010,5,21,22,41,49,15,5.0,05 21 22 41 49 15
04/14/2010,6,14,32,38,52,20,3.0,06 14 32 38 52 20
04/10/2010,21,22,49,52,58,34,2.0,21 22 49 52 58 34
04/07/2010,4,36,40,44,52,33,2.0,04 36 40 44 52 33
04/03/2010,10,15,31,52,59,4,4.0,10 15 31 52 59 04
03/31/2010,5,13,17,45,54,12,5.0,05 13 17 45 54 12
03/27/2010,7,21,32,44,52,10,4.0,07 21 32 44 52 10
03/24/2010,14,20,24,39,49,7,3.0,14 20 24 39 49 07
03/20/2010,9,36,39,44,45,9,2.0,09 36 39 44 45 09
03/17/2010,24,26,45,48,55,8,2.0,24 26 45 48 55 08
03/13/2010,6,16,20,31,36,8,5.0,06 16 20 31 36 08
03/10/2010,17,21,37,41,50,1,2.0,17 21 37 41 50 01
03/06/2010,10,29,33,41,59,15,2.0,10 29 33 41 59 15
03/03/2010,7,9,14,45,49,23,4.0,07 09 14 45 49 23
02/27/2010,18,47,51,53,58,30,2.0,18 47 51 53 58 30
02/24/2010,4,17,35,50,57,12,2.0,04 17 35 50 57 12
02/20/2010,13,27,37,41,54,32,2.0,13 27 37 41 54 32
02/17/2010,7,8,19,26,36,15,3.0,07 08 19 26 36 15
02/13/2010,10,14,30,40,51,1,4.0,10 14 30 40 51 01
02/10/2010,5,8,29,37,38,34,5.0,05 08 29 37 38 34
02/06/2010,14,22,52,54,59,4,3.0,14 22 52 54 59 04
02/03/2010,17,22,36,37,52,24,2.0,17 22 36 37 52 24
